date,AAPL,ADBE,AMD,AMZN,BABA,GOOG,IBM,INTC,META,MSFT,NVDA,ORCL,SAP,TSLA
2020-12-21,-0.002,0.289,0.292,0.306,0.081,-0.114,0.325,0.336,0.229,0.249,0.168,-0.054,0.383,0.112
2020-12-22,-0.07,0.289,0.079,0.352,0.108,0.132,0.311,-0.086,-0.09,0.109,0.322,0.004,0.383,-0.198
2020-12-23,0.083,0.289,0.253,0.214,-0.026,0.185,0.316,-0.017,0.137,0.349,0.357,0.004,0.383,-0.091
2020-12-24,0.051,0.278,0.058,0.217,0.229,0.106,0.22,0.043,0.038,0.202,0.429,0.031,0.383,-0.089
2020-12-25,0.182,0.291,0.029,0.299,0.021,0.237,0.22,0.017,-0.024,0.138,0.388,0.031,0.383,0.094
2020-12-28,0.452,0.325,0.016,0.29,0.043,0.202,0.175,0.193,0.0,0.287,0.35,0.031,0.383,0.176
2020-12-29,0.268,0.362,0.037,0.109,0.107,0.159,0.164,0.267,-0.083,0.446,0.2,0.082,0.361,0.111
2020-12-30,-0.054,0.362,0.032,0.243,0.041,0.082,0.248,-0.204,-0.111,0.449,0.117,-0.088,0.399,0.325
2020-12-31,0.255,0.362,0.008,0.174,-0.009,0.331,0.163,0.034,0.02,0.141,0.267,-0.125,0.35,0.251
2021-01-01,0.279,0.362,0.05,0.21,0.082,0.219,0.194,0.116,-0.024,0.262,0.307,-0.125,0.35,0.307
2021-01-04,0.331,0.333,0.115,0.218,-0.088,0.348,0.215,0.1,0.038,0.355,0.307,-0.125,0.35,0.072
2021-01-05,0.279,0.373,0.243,0.119,-0.217,0.152,0.206,0.123,0.071,0.285,0.401,-0.125,0.35,0.254
2021-01-06,0.365,0.356,0.169,0.153,-0.075,0.15,0.327,0.112,0.109,0.286,0.317,-0.125,0.389,0.06
2021-01-07,0.084,0.342,0.155,0.272,-0.15,0.011,0.383,-0.037,-0.283,-0.068,0.209,-0.061,0.389,0.24
2021-01-08,0.247,0.367,0.2,0.102,-0.085,-0.173,0.387,-0.037,-0.259,0.019,0.171,0.08,0.389,0.217
2021-01-11,-0.074,0.356,0.186,0.252,-0.159,-0.062,0.228,0.153,-0.025,0.293,0.306,0.079,0.389,0.041
2021-01-12,-0.201,0.336,0.048,-0.053,-0.045,-0.086,0.281,0.204,-0.367,0.293,0.073,0.079,0.389,0.134
2021-01-13,-0.03,0.318,0.224,0.069,-0.071,-0.235,0.281,0.112,0.038,0.161,0.064,0.079,0.538,0.099
2021-01-14,0.096,0.31,0.325,0.032,0.005,-0.058,0.305,-0.002,-0.175,-0.128,0.23,0.128,0.538,0.053
2021-01-15,0.111,0.292,0.167,0.168,0.068,-0.174,0.303,0.018,-0.425,-0.207,0.226,0.11,0.557,0.208
2021-01-18,0.428,0.262,0.157,0.334,-0.012,-0.011,0.279,0.152,-0.221,0.121,0.272,0.11,0.588,0.264
2021-01-19,0.208,0.262,0.157,0.276,0.036,-0.14,0.172,0.06,-0.083,0.218,0.272,0.11,0.588,0.421
2021-01-20,0.102,0.329,0.149,0.227,0.304,0.085,0.246,-0.006,0.083,0.217,0.166,0.11,0.554,-0.025
2021-01-21,0.017,0.316,0.271,0.388,0.312,0.156,0.202,0.126,0.09,0.302,0.186,0.11,0.554,-0.026
2021-01-22,0.12,0.316,0.18,0.097,0.259,-0.372,-0.193,0.275,-0.431,0.268,0.119,0.265,0.523,0.204
2021-01-25,0.132,0.316,0.123,0.335,0.136,0.129,-0.249,0.14,-0.094,0.085,0.221,0.364,0.527,0.115
2021-01-26,0.042,0.316,0.235,0.333,0.158,0.178,-0.028,0.134,0.023,0.139,0.263,0.334,0.506,0.038
2021-01-27,0.352,0.329,0.346,0.2,0.207,0.239,0.185,0.221,0.17,0.266,0.269,0.338,0.532,0.163
2021-01-28,0.302,0.359,0.234,0.126,0.214,0.091,0.268,0.294,0.063,0.036,0.292,0.4,0.373,-0.042
2021-01-29,0.164,0.37,0.232,0.219,0.213,0.175,0.308,0.372,-0.274,0.234,0.243,0.433,0.438,0.109
2021-02-01,-0.032,0.403,0.274,0.238,0.126,0.07,0.283,0.388,0.151,0.233,0.405,0.439,0.51,0.126
2021-02-02,0.074,0.403,0.316,0.381,0.25,0.14,0.254,0.244,0.16,0.344,0.427,0.484,0.472,0.336
2021-02-03,0.133,0.377,0.316,0.138,0.149,0.188,0.257,0.327,0.024,0.285,0.434,0.371,0.481,0.05
2021-02-04,0.092,0.411,0.311,0.353,0.285,-0.031,0.194,0.298,0.141,0.339,0.51,0.329,0.526,-0.069
2021-02-05,0.052,0.397,0.311,0.151,0.165,0.13,0.22,0.173,-0.217,0.244,0.513,0.329,0.526,-0.088
2021-02-08,-0.209,0.428,0.283,0.202,0.224,0.337,0.29,0.225,0.108,0.412,0.47,0.378,0.526,0.021
2021-02-09,0.093,0.433,0.278,0.418,0.09,0.256,0.453,0.346,0.168,0.427,0.311,0.378,0.526,0.202
2021-02-10,0.273,0.403,0.271,0.146,0.167,0.136,0.524,0.175,0.077,0.388,0.165,0.336,0.473,0.161
2021-02-11,0.18,0.403,0.233,0.289,0.101,0.322,0.475,0.188,0.092,0.066,0.1,0.304,0.473,0.264
2021-02-12,0.227,0.403,0.082,0.159,0.101,0.183,0.428,0.086,-0.021,0.333,0.109,0.23,0.473,0.287
2021-02-15,0.325,0.436,0.043,0.216,0.101,-0.074,0.421,0.054,0.109,0.124,0.245,0.23,0.473,0.481
2021-02-16,0.158,0.436,0.043,0.218,0.168,0.095,0.443,0.054,0.204,0.137,0.245,0.217,0.48,0.171
2021-02-17,-0.03,0.437,0.029,0.267,0.264,0.17,0.379,0.175,0.179,0.208,0.183,0.217,0.48,0.25
2021-02-18,0.173,0.437,0.079,0.19,0.281,-0.132,0.353,0.137,-0.393,0.071,0.13,0.209,0.48,-0.034
2021-02-19,0.073,0.452,0.088,0.044,0.265,-0.05,0.338,0.14,-0.084,0.071,0.224,0.177,0.48,0.145
2021-02-22,0.18,0.446,0.157,0.312,0.274,0.266,0.205,0.06,0.379,0.023,0.351,0.205,0.48,-0.118
2021-02-24,-0.064,0.44,0.166,0.233,0.247,0.165,0.308,0.094,-0.015,-0.099,0.153,0.239,0.273,0.395
2021-02-25,0.228,0.452,0.166,0.097,0.269,0.092,0.327,0.199,0.155,0.135,0.329,0.238,0.297,-0.151
2021-02-26,-0.155,0.452,0.07,0.023,0.263,-0.027,0.327,0.093,0.058,0.007,0.027,0.186,0.297,-0.065
2021-03-01,0.151,0.469,0.139,0.214,0.323,0.154,0.155,0.139,0.177,0.103,0.2,0.1,0.297,0.1
2021-03-02,0.307,0.387,0.103,-0.043,0.321,0.018,0.192,0.255,0.389,0.151,0.246,0.1,0.297,0.339
2021-03-03,0.367,0.364,0.038,-0.21,0.338,-0.097,0.14,-0.035,0.092,-0.09,0.317,0.068,0.297,-0.157
2021-03-04,0.298,0.364,-0.071,0.287,0.338,0.219,0.106,-0.095,-0.061,0.066,0.22,0.042,0.297,0.082
2021-03-05,0.161,0.345,0.003,0.17,0.358,-0.005,0.236,-0.185,-0.09,0.184,0.259,0.082,0.297,0.262
2021-03-08,0.22,0.348,0.098,0.092,0.368,0.167,0.053,-0.25,0.252,-0.139,0.119,0.094,0.297,-0.013
2021-03-09,0.155,0.336,0.139,0.229,0.368,0.072,0.211,-0.106,0.135,0.017,0.292,0.278,0.297,0.144
2021-03-10,0.164,0.336,0.224,0.304,0.386,0.065,0.235,-0.03,-0.075,0.257,0.434,0.292,0.311,0.361
2021-03-11,-0.048,0.335,0.122,0.133,0.435,-0.125,0.228,-0.088,-0.128,0.069,0.402,0.185,0.313,-0.15
2021-03-12,0.227,0.322,0.128,0.286,0.393,0.097,0.299,0.016,0.184,0.191,0.401,0.202,0.337,-0.14
2021-03-15,0.19,0.322,0.107,0.254,0.13,0.214,0.389,0.06,0.399,0.28,0.392,0.225,0.337,-0.002
2021-03-16,0.168,0.371,0.063,0.059,-0.041,0.122,0.426,0.12,-0.022,0.277,0.402,0.393,0.342,-0.315
2021-03-17,-0.002,0.388,0.27,0.184,-0.095,-0.066,0.422,0.183,-0.083,0.233,0.408,0.422,0.34,-0.043
2021-03-18,0.272,0.372,0.27,0.279,-0.029,0.161,0.418,0.217,-0.104,0.038,0.452,0.445,0.385,0.062
2021-03-19,0.199,0.393,0.294,0.244,0.028,0.082,0.438,0.35,-0.061,0.113,0.302,0.498,0.364,0.118
2021-03-22,0.032,0.293,0.315,0.128,0.039,-0.1,0.387,0.255,0.254,0.035,0.291,0.454,0.364,0.119
2021-03-23,0.386,0.225,0.315,0.132,0.135,0.156,0.354,0.194,0.139,-0.108,0.233,0.363,0.364,0.159
2021-04-01,0.272,0.324,0.282,0.25,0.074,0.288,0.272,0.088,-0.233,0.194,0.094,0.361,0.322,0.263
2021-04-02,0.128,0.294,0.323,0.236,0.043,0.129,0.272,0.157,0.243,0.284,0.231,0.298,0.322,0.244
2021-04-05,0.154,0.294,0.295,0.138,0.075,0.077,0.242,0.334,-0.042,0.262,0.268,0.265,0.322,0.278
2021-04-06,0.158,0.433,0.198,0.021,0.108,0.292,0.294,0.202,0.108,0.228,0.192,0.366,0.322,0.117
2021-04-07,0.203,0.436,0.261,0.191,0.127,0.183,0.302,0.142,0.093,0.313,0.285,0.408,0.431,0.372
2021-04-08,-0.219,0.436,0.265,0.275,0.173,0.218,0.337,0.192,-0.103,0.018,0.203,0.406,0.431,0.022
2021-04-09,0.084,0.393,0.111,0.089,0.149,0.07,0.351,0.153,-0.211,0.049,0.173,0.406,0.431,0.05
2021-04-12,0.205,0.384,0.161,0.144,0.13,0.322,0.446,0.247,0.187,0.215,0.283,0.374,0.431,0.271
2021-04-13,0.143,0.409,0.12,0.244,0.163,0.317,0.387,0.281,0.193,0.233,0.158,0.334,0.358,0.021
2021-04-14,0.167,0.386,0.149,0.058,-0.094,0.317,0.249,0.205,0.122,0.258,0.163,0.31,0.32,0.221
2021-04-15,0.082,0.443,0.087,-0.011,0.175,-0.092,0.232,0.136,0.078,0.221,0.219,0.229,0.39,0.154
2021-04-16,0.224,0.441,0.034,0.268,0.193,0.18,0.167,0.138,0.161,0.325,0.105,0.187,0.39,-0.179
2021-04-19,0.251,0.423,0.012,0.238,0.011,0.236,0.252,-0.21,0.026,0.202,0.113,0.242,0.39,-0.217
2021-04-20,0.134,0.366,-0.036,0.323,-0.118,0.223,0.248,-0.196,0.076,0.116,0.059,0.238,0.39,-0.195
2021-04-21,0.225,0.366,0.108,0.208,-0.019,-0.084,0.122,0.02,-0.008,0.013,0.098,0.264,0.39,-0.158
2021-04-22,-0.001,0.3,0.101,0.226,-0.019,0.074,0.254,0.052,0.336,-0.033,0.147,0.309,0.389,-0.068
2021-04-23,0.219,0.336,0.129,0.177,-0.02,0.159,0.305,0.194,0.154,0.146,0.229,0.322,0.368,-0.039
2021-04-26,0.36,0.328,-0.031,0.335,0.141,0.293,0.515,0.195,0.157,0.329,0.112,0.334,0.368,0.064
2021-04-27,0.267,0.352,-0.039,0.463,0.181,-0.014,0.445,0.12,-0.012,0.298,0.136,0.369,0.368,0.452
2021-04-28,0.404,0.373,0.343,0.126,0.192,0.366,0.479,0.15,0.35,0.23,0.307,0.363,0.347,0.363
2021-04-29,0.003,0.398,0.32,0.116,0.145,-0.036,0.476,-0.05,0.113,-0.018,0.378,0.272,0.336,0.071
2021-04-30,0.091,0.406,0.272,0.295,0.066,0.013,0.287,-0.055,0.229,0.083,0.261,0.255,0.25,0.133
2021-05-03,-0.212,0.406,0.28,0.155,0.097,-0.119,0.309,-0.045,-0.028,0.14,0.236,0.215,0.25,0.017
2021-05-04,-0.153,0.426,0.285,0.08,0.159,-0.096,0.266,-0.077,-0.223,0.015,0.237,0.215,0.25,0.005
2021-05-05,0.154,0.401,0.297,0.267,0.202,0.417,0.337,-0.082,0.098,0.17,0.264,0.139,0.25,-0.103
2021-05-06,0.13,0.385,0.33,0.235,0.202,0.089,0.399,-0.179,-0.196,0.293,0.295,0.153,0.25,0.095
2021-05-07,0.017,0.373,0.286,0.198,0.163,0.003,0.308,-0.096,-0.064,0.156,0.132,0.159,0.213,0.056
2021-05-10,0.032,0.338,0.305,0.124,0.094,0.004,0.328,0.064,0.059,-0.048,0.293,0.17,0.213,-0.071
2021-05-11,0.175,0.326,0.352,0.108,0.156,0.117,0.305,0.069,-0.105,0.091,0.26,0.23,0.213,-0.149
2021-05-12,-0.005,0.304,0.321,0.197,0.109,0.119,0.218,0.073,0.087,0.268,0.077,0.206,0.273,-0.05
2021-05-13,-0.239,0.325,0.264,0.106,0.149,0.003,0.23,0.128,0.012,0.094,-0.027,0.204,0.236,-0.015
2021-05-14,-0.06,0.274,0.286,0.283,0.064,0.292,0.2,0.042,0.342,0.034,-0.063,0.254,0.269,0.086
2021-05-17,0.102,0.254,0.277,0.322,0.037,0.129,0.238,0.115,0.184,0.347,0.037,0.315,0.269,0.009
2021-05-18,0.116,0.238,0.319,0.049,0.196,0.318,0.334,0.197,0.286,0.47,0.149,0.344,0.26,-0.107
2021-05-19,0.1,0.238,0.323,0.039,0.218,0.177,0.406,0.236,0.185,0.276,0.198,0.344,0.26,-0.241
2021-05-20,0.411,0.243,0.251,0.155,0.265,0.236,0.389,0.208,-0.045,0.242,0.29,0.431,0.25,-0.095
2021-05-21,0.243,0.267,0.25,0.079,0.246,0.231,0.492,0.082,-0.026,-0.123,0.362,0.431,0.273,0.218
2021-05-24,0.003,0.267,0.236,0.327,0.156,0.249,0.488,0.127,0.098,0.231,0.257,0.444,0.271,-0.006
2021-05-25,0.153,0.387,0.236,0.199,0.23,0.046,0.488,0.177,0.109,0.279,0.447,0.292,0.271,0.029
2021-05-26,0.363,0.373,0.233,-0.06,0.239,0.051,0.215,0.212,0.078,0.19,0.204,0.311,0.271,0.134
2021-05-27,0.332,0.379,0.322,0.24,0.272,0.17,0.215,0.233,-0.138,0.276,0.062,0.339,0.271,0.243
2021-05-28,0.26,0.379,0.265,0.226,0.291,0.31,0.238,0.194,-0.015,0.071,0.271,0.339,0.271,0.284
2021-05-31,0.263,0.303,0.351,0.287,0.292,0.246,0.256,0.305,0.291,0.051,0.404,0.35,0.271,0.113
2021-06-01,0.274,0.303,0.333,0.233,0.292,0.339,0.256,0.206,0.278,0.17,0.276,0.35,0.271,0.094
2021-06-02,0.344,0.303,0.263,0.209,0.309,0.284,0.284,0.136,0.232,0.28,0.281,0.35,0.264,-0.043
2021-06-03,0.238,0.31,0.326,0.221,0.393,0.199,0.316,0.174,0.224,0.219,0.454,0.349,0.413,0.084
2021-06-04,0.161,0.31,0.385,0.261,0.465,0.151,0.304,0.174,0.132,0.107,0.468,0.349,0.413,-0.165
2021-06-07,0.079,0.31,0.334,0.223,0.298,0.165,0.344,0.052,0.039,0.129,0.357,0.312,0.413,-0.146
2021-06-08,0.162,0.343,0.335,0.15,0.269,-0.162,0.271,0.063,0.033,0.241,0.313,0.318,0.413,0.282
2021-06-09,0.208,0.334,0.263,0.206,0.125,0.321,0.107,0.131,0.377,0.404,0.31,0.32,0.413,0.148
2021-06-10,0.279,0.345,0.232,0.302,0.06,0.199,0.137,0.347,0.19,0.383,0.301,0.32,0.413,0.038
2021-06-11,0.216,0.365,0.188,0.288,0.088,0.362,0.054,0.393,0.26,0.289,0.286,0.32,0.439,0.09
2021-06-14,0.334,0.269,0.182,0.203,0.129,0.238,0.09,0.395,0.215,0.156,0.238,0.309,0.439,0.341
2021-06-15,-0.044,0.316,0.251,0.203,0.245,-0.165,0.361,0.263,0.158,0.391,0.019,0.143,0.439,0.064
2021-06-16,0.075,0.2,0.254,0.047,-0.064,-0.007,0.375,0.266,0.279,-0.099,0.042,0.282,0.439,0.046
2021-06-17,0.148,0.146,0.302,0.173,-0.111,0.174,0.375,0.258,-0.073,0.139,0.094,0.093,0.416,0.072
2021-06-18,0.289,0.279,0.173,0.249,-0.123,0.155,0.311,0.014,0.178,-0.046,0.286,0.093,0.416,0.193
2021-06-21,0.336,0.176,0.139,0.155,-0.092,0.241,0.309,0.152,0.137,0.216,0.374,0.098,0.416,0.12
2021-06-22,0.267,0.19,0.101,0.271,-0.043,0.094,0.267,0.218,0.414,0.209,0.113,0.189,0.416,-0.064
2021-06-23,0.254,0.19,0.267,0.278,0.124,0.428,0.208,0.257,0.138,0.284,0.038,0.381,0.416,0.134
2021-06-24,0.168,0.187,0.363,0.187,0.089,0.272,0.159,0.104,0.162,0.284,0.381,0.279,0.416,0.068
2021-06-25,0.165,0.187,0.352,0.239,0.251,0.0,0.18,0.158,0.258,0.238,0.383,0.286,0.416,0.001
2021-06-28,0.316,0.212,0.35,0.209,0.304,0.077,0.153,0.204,0.204,0.217,0.42,0.286,0.416,0.235
2021-06-29,0.366,0.269,0.443,0.268,0.264,0.045,0.173,0.127,0.269,0.176,0.326,0.247,0.416,0.148
2021-06-30,0.223,0.38,0.349,0.218,0.266,0.022,0.173,0.034,0.072,0.123,0.272,0.215,0.416,0.094
2021-07-01,0.245,0.29,0.33,0.212,0.262,0.358,0.336,-0.075,0.142,0.423,0.393,0.215,0.416,0.289
2021-07-02,0.287,0.269,0.305,0.295,0.31,0.209,0.327,-0.075,0.249,0.344,0.331,0.222,0.416,0.055
2021-07-05,0.266,0.302,0.34,0.093,0.193,0.203,0.219,0.06,-0.096,0.232,0.333,0.165,0.401,0.147
2021-07-06,0.203,0.302,0.354,0.184,0.119,-0.084,0.214,0.039,-0.181,0.196,0.337,0.146,0.401,0.137
2021-07-07,0.074,0.302,0.404,0.116,0.103,0.169,0.087,0.039,-0.046,-0.059,0.419,0.187,0.401,0.131
2021-07-08,0.179,0.302,0.418,0.2,0.219,0.031,0.128,0.152,0.055,0.122,0.297,0.272,0.393,0.189
2021-07-09,0.153,0.302,0.403,0.264,0.22,0.165,0.146,0.219,-0.087,0.348,0.266,0.272,0.393,-0.026
2021-07-12,0.042,0.332,0.427,0.023,-0.023,-0.012,0.146,0.313,-0.136,0.197,0.495,0.26,0.393,0.018
2021-07-13,0.172,0.361,0.464,0.195,0.045,0.17,0.146,0.324,-0.066,0.149,0.551,0.229,0.393,-0.269
2021-07-14,0.153,0.361,0.437,0.276,0.06,0.061,0.103,0.228,-0.069,0.081,0.481,0.229,0.393,0.033
2021-07-15,0.167,0.346,0.466,0.223,0.06,0.042,0.245,0.308,-0.206,0.284,0.384,0.255,0.393,0.147
2021-07-16,0.37,0.346,0.377,0.277,0.241,-0.135,0.262,0.242,-0.545,-0.002,0.118,0.293,0.383,0.311
2021-07-19,0.149,0.34,0.347,0.135,0.385,0.213,0.512,0.478,-0.228,0.097,0.166,0.297,0.383,-0.174
2021-07-20,0.253,0.34,0.267,0.27,0.385,0.086,0.222,0.444,-0.354,-0.141,0.106,0.263,0.383,-0.103
2021-07-21,0.072,0.318,0.218,0.293,0.324,0.081,0.141,-0.006,0.05,0.224,0.082,0.263,0.408,0.329
2021-07-22,0.142,0.353,0.282,0.092,0.176,0.119,0.114,-0.18,0.083,0.207,0.139,0.257,0.348,0.337
2021-07-23,0.32,0.394,0.181,0.246,0.125,0.111,0.168,-0.094,-0.162,-0.013,0.124,0.22,0.342,0.002
2021-07-26,0.205,0.394,-0.012,0.144,-0.079,0.398,0.257,0.095,0.054,0.277,0.157,0.33,0.346,0.07
2021-07-27,0.139,0.394,-0.023,0.253,-0.019,0.237,0.275,0.301,0.119,-0.037,0.079,0.337,0.346,0.019
2021-07-28,0.206,0.394,0.309,0.403,-0.014,0.258,0.384,0.281,0.245,0.178,0.093,0.386,0.37,0.122
2021-07-29,0.304,0.304,0.26,0.179,0.125,0.3,0.374,0.174,0.221,0.242,0.157,0.386,0.386,0.382
2021-07-30,-0.031,0.297,0.069,0.006,0.093,0.175,0.374,0.162,-0.119,0.088,0.176,0.386,0.386,0.069
2021-08-02,0.087,0.352,0.287,0.055,0.04,-0.016,0.311,0.14,0.041,0.049,0.292,0.387,0.386,0.001
2021-08-03,0.17,0.338,0.274,0.078,0.218,0.519,0.311,0.112,0.033,0.191,0.355,0.387,0.386,0.26
2021-08-04,0.052,0.273,0.3,0.112,0.214,0.116,0.311,0.027,-0.03,-0.057,0.084,0.407,0.403,0.413
2021-08-05,0.11,0.263,0.235,0.094,0.012,-0.074,0.229,0.092,0.11,0.032,0.044,0.428,0.412,0.281
2021-08-06,-0.48,0.263,0.334,0.233,0.04,0.295,0.229,0.064,0.143,0.168,0.089,0.428,0.412,0.361
2021-08-09,0.304,0.263,0.284,0.275,-0.312,0.364,0.258,0.147,0.077,0.163,0.273,0.414,0.412,-0.249
2021-08-10,-0.112,0.29,0.318,0.151,-0.393,0.056,0.278,0.136,-0.004,0.191,0.34,0.414,0.412,0.284
2021-08-11,0.202,0.29,0.343,0.28,-0.258,0.045,0.309,0.116,0.134,0.277,0.332,0.429,0.412,0.327
2021-08-12,0.028,0.29,0.327,0.111,-0.106,-0.101,0.309,0.116,0.201,0.416,0.332,0.414,0.412,0.249
2021-08-13,0.119,0.29,0.327,0.278,-0.245,0.12,0.317,0.061,-0.047,0.383,0.266,0.432,0.412,0.219
2021-08-16,0.112,0.242,0.359,0.073,-0.17,0.064,0.28,0.139,0.089,0.125,0.271,0.436,0.412,0.013
2021-08-17,0.272,0.251,0.364,0.29,-0.231,0.196,0.28,0.038,0.052,0.081,-0.016,0.391,0.412,0.054
2021-08-18,0.051,0.278,0.326,0.183,-0.118,0.179,0.332,0.136,0.108,0.204,0.062,0.391,0.412,0.063
2021-08-19,-0.17,0.278,0.283,0.261,-0.013,-0.073,0.359,0.206,0.09,0.386,0.264,0.391,0.417,-0.026
2021-08-20,0.006,0.098,0.345,0.29,0.17,-0.241,0.359,0.325,0.258,0.127,0.024,0.348,0.378,0.093
2021-08-23,-0.001,0.162,0.354,0.341,0.048,-0.042,0.447,0.3,0.328,0.278,0.145,0.348,0.378,-0.048
2021-08-24,0.277,0.177,0.274,0.387,0.009,0.276,0.47,0.282,0.096,0.375,0.349,0.348,0.378,0.148
2021-08-25,-0.032,0.177,0.064,0.15,0.203,0.017,0.475,0.153,-0.087,0.236,0.234,0.345,0.378,0.096
2021-08-26,-0.032,0.177,0.099,0.204,0.168,0.023,0.355,0.082,0.133,0.163,0.248,0.328,0.378,0.287
2021-08-27,0.133,0.177,0.085,0.413,0.014,0.158,0.392,0.074,0.24,0.208,0.374,0.307,0.378,0.298
2021-08-30,0.218,0.213,0.086,0.193,-0.17,0.288,0.305,0.105,0.283,0.361,0.409,0.301,0.378,0.342
2021-08-31,0.278,0.222,0.134,0.323,-0.257,0.269,0.339,0.274,0.224,0.229,0.404,0.234,0.378,0.321
2021-09-01,0.056,0.289,0.233,0.207,-0.224,0.062,0.327,0.327,0.129,0.337,0.412,0.253,0.378,0.077
2021-09-02,0.017,0.323,0.464,0.019,-0.161,0.15,0.262,0.313,0.153,0.279,0.379,0.253,0.341,0.025
2021-09-03,0.099,0.334,0.366,0.059,0.057,0.042,0.262,0.32,0.143,0.245,0.354,0.263,0.341,0.241
2021-09-06,-0.117,0.218,0.401,0.293,0.114,0.033,0.218,0.373,0.248,0.225,0.186,0.284,0.313,0.122
2021-09-07,-0.173,0.218,0.401,0.301,-0.131,0.101,0.261,0.373,0.248,0.225,0.186,0.284,0.29,0.177
2021-09-08,0.088,0.266,0.405,0.356,-0.056,0.116,0.149,0.277,0.332,0.388,0.195,0.302,0.29,0.099
2021-09-09,-0.126,0.285,0.418,0.183,-0.08,0.163,0.149,0.315,0.07,0.108,0.4,0.302,0.29,0.215
2021-09-10,0.121,0.337,0.43,0.365,0.152,0.142,0.149,0.303,0.241,0.136,0.237,0.327,0.326,0.384
2021-09-13,-0.002,0.337,0.339,0.259,0.01,0.221,0.224,0.228,0.283,0.43,0.256,0.271,0.326,0.357
2021-09-14,-0.031,0.337,0.29,0.158,-0.034,0.149,0.279,0.228,0.298,0.331,0.294,0.083,0.326,0.127
2021-09-15,0.078,0.237,0.263,0.214,-0.006,0.282,0.349,0.228,0.308,0.275,0.287,0.017,0.337,0.087
2021-09-16,0.079,0.173,0.219,0.198,0.18,0.218,0.349,0.096,0.0,-0.017,0.259,0.147,0.344,0.15
2021-09-17,0.351,0.177,0.15,0.381,0.228,0.259,0.349,0.032,0.064,0.107,0.111,0.122,0.353,0.391
2021-09-20,0.236,0.221,0.21,0.32,0.184,0.042,0.349,0.189,0.2,0.252,0.191,0.214,0.353,0.144
2021-09-21,0.149,0.249,0.149,0.347,0.119,0.055,0.349,0.189,0.182,0.215,0.044,0.236,0.35,-0.115
2021-09-22,0.293,0.336,0.195,0.284,-0.033,0.151,0.349,0.109,0.243,0.308,0.281,0.265,0.35,0.203
2021-09-23,-0.267,0.031,0.193,0.297,0.038,-0.127,0.472,0.147,-0.358,0.264,0.227,0.271,0.35,0.076
2021-09-24,0.114,0.087,0.168,0.376,0.115,-0.038,0.459,0.106,0.088,-0.094,0.235,0.24,0.325,-0.039
2021-09-27,0.41,0.111,0.281,0.255,0.171,0.085,0.459,-0.012,0.002,0.203,0.262,0.279,0.325,0.148
2021-09-28,-0.163,0.258,0.302,0.256,-0.045,0.111,0.444,0.008,0.073,-0.034,0.356,0.277,0.349,0.211
2021-09-29,0.172,0.452,0.124,0.274,-0.024,-0.041,0.4,-0.094,0.087,-0.006,0.296,0.302,0.346,0.085
2021-09-30,-0.037,0.325,0.017,0.276,0.05,-0.054,0.4,-0.125,0.136,0.067,0.129,0.253,0.346,0.05
2021-10-01,-0.004,0.376,0.237,0.089,0.019,0.104,0.337,-0.053,-0.252,0.244,-0.068,0.223,0.257,0.163
2021-10-04,0.191,0.311,0.223,0.295,0.056,0.31,0.339,-0.032,0.08,0.048,-0.003,0.223,0.257,-0.046
2021-10-05,-0.15,0.298,0.269,0.021,0.103,0.039,0.294,-0.03,-0.2,0.283,0.182,0.236,0.257,-0.094
2021-10-06,-0.122,0.279,0.291,0.087,0.194,0.085,0.332,-0.001,-0.034,0.264,0.27,0.273,0.257,0.078
2021-10-07,0.154,0.429,0.274,0.158,0.249,0.266,0.282,0.137,-0.21,0.292,0.287,0.369,0.257,0.054
2021-10-08,0.143,0.327,0.174,0.154,0.245,-0.069,0.213,0.149,-0.156,0.178,0.213,0.318,0.257,-0.004
2021-10-11,0.09,0.331,0.203,0.313,0.243,0.024,0.33,0.151,0.118,0.239,0.215,0.238,0.257,0.234
2021-10-12,0.331,0.351,0.213,0.343,0.242,0.202,0.299,0.125,0.089,0.371,0.285,0.362,0.257,0.291
2021-10-13,-0.227,0.349,0.146,0.289,0.296,0.241,0.34,0.109,-0.071,0.48,0.347,0.338,0.305,0.07
2021-10-14,0.328,0.31,0.354,0.237,0.217,0.327,0.37,0.066,-0.117,0.473,0.5,0.148,0.313,0.323
2021-10-15,0.115,0.31,0.29,0.232,0.104,0.164,0.37,0.028,0.034,0.226,0.489,0.165,0.313,0.234
2021-10-18,0.058,0.266,0.375,0.072,0.223,0.457,0.323,0.066,0.342,0.212,0.275,0.111,0.313,0.502
2021-10-19,0.532,0.259,0.275,0.315,0.268,0.089,0.294,0.144,0.136,0.095,0.207,0.1,0.313,0.329
2021-10-20,-0.003,0.245,0.245,0.261,0.309,0.322,0.342,0.34,0.161,0.213,0.112,0.067,0.276,0.077
2021-10-21,0.222,0.259,0.35,0.25,0.29,0.035,0.036,0.274,0.039,0.245,0.307,0.067,0.276,0.188
2021-10-22,-0.268,0.301,0.366,0.023,0.186,-0.167,0.098,-0.036,-0.072,0.161,0.261,0.1,0.284,0.144
2021-10-25,-0.015,0.301,0.182,0.182,0.213,0.33,0.162,-0.055,-0.036,0.146,0.272,0.176,0.284,0.008
2021-10-26,0.295,0.287,0.108,0.109,0.224,0.198,0.214,0.032,0.141,0.163,0.243,0.265,0.284,0.382
2021-10-27,0.012,0.296,0.3,0.198,0.266,0.314,0.27,0.051,0.373,0.424,0.374,0.279,0.27,0.148
2021-10-28,0.058,0.307,0.385,0.053,0.275,0.099,0.139,0.477,0.137,0.085,0.503,0.291,0.272,0.191
2021-10-29,-0.103,0.36,0.373,0.0,0.281,0.159,0.158,0.477,0.029,0.137,0.495,0.311,0.346,0.409
2021-11-01,0.277,0.363,0.298,0.286,0.266,0.334,0.179,0.206,0.133,0.219,0.441,0.311,0.346,0.183
2021-11-02,0.204,0.355,0.31,0.086,0.49,0.274,0.204,0.117,0.18,0.25,0.429,0.349,0.346,0.112
2021-11-03,-0.08,0.379,0.316,0.125,0.388,0.019,0.244,0.041,0.206,0.147,0.41,0.449,0.346,0.128
2021-11-04,0.119,0.384,0.276,0.035,0.396,0.273,0.166,0.099,0.089,0.061,0.386,0.479,0.346,0.045
2021-11-05,-0.194,0.402,0.231,0.067,0.353,0.072,0.25,0.101,0.296,-0.254,0.167,0.468,0.346,-0.024
2021-11-08,0.32,0.289,0.132,0.108,-0.021,0.312,0.243,0.175,0.509,0.286,0.206,0.458,0.346,0.167
2021-11-09,0.307,0.289,0.389,0.363,0.233,0.191,0.117,0.154,0.24,0.362,0.505,0.357,0.344,0.065
2021-11-10,-0.073,0.255,0.218,0.236,0.247,0.39,0.117,0.154,0.11,0.443,0.38,0.387,0.344,0.01
2021-11-11,0.014,0.257,0.338,0.378,0.424,-0.035,0.112,0.279,0.286,0.304,0.256,0.389,0.348,0.31
2021-11-12,0.172,0.275,0.289,0.234,0.13,0.107,0.112,0.279,0.061,0.136,0.094,0.376,0.339,0.119
2021-11-15,0.067,0.264,0.203,0.293,0.375,0.279,0.295,0.41,0.216,0.24,0.436,0.389,0.339,0.023
2021-11-16,0.287,0.288,0.22,0.181,0.412,-0.023,0.277,0.405,0.079,0.136,0.449,0.453,0.339,0.188
2021-11-17,0.231,0.344,0.297,0.316,0.157,0.351,0.291,0.41,0.179,0.368,0.408,0.387,0.412,0.257
2021-11-18,0.258,0.406,0.296,0.167,0.089,0.256,0.283,0.329,0.214,0.398,0.324,0.374,0.386,0.075
2021-11-19,0.428,0.387,0.131,0.239,-0.133,0.344,0.308,0.121,0.147,0.313,0.075,0.374,0.386,0.28
2021-11-22,0.229,0.444,0.121,0.281,0.005,0.362,0.409,0.251,0.327,0.286,0.09,0.348,0.386,0.15
2021-11-23,0.179,0.342,0.121,0.309,-0.021,0.182,0.258,0.276,0.355,0.323,0.304,0.277,0.386,0.187
2021-11-24,-0.031,0.296,0.299,0.154,-0.062,0.199,0.292,0.287,0.142,0.176,0.28,0.266,0.379,-0.124
2021-11-25,0.104,0.352,0.217,0.153,0.018,0.242,0.306,0.326,0.188,0.12,0.208,0.274,0.379,0.075
2021-11-26,0.319,0.34,0.22,0.118,0.036,0.197,0.355,0.326,0.237,0.143,0.162,0.274,0.379,0.069
2021-11-29,0.459,0.354,0.084,0.376,0.054,0.435,0.339,0.347,0.351,0.258,0.124,0.274,0.379,-0.154
2021-11-30,0.36,0.13,0.063,0.139,0.037,0.294,0.339,0.327,0.152,0.181,0.113,0.218,0.379,0.429
2021-12-01,0.127,0.118,0.066,0.409,0.06,0.227,0.317,0.363,0.153,0.033,0.091,0.231,0.379,0.137
2021-12-02,-0.08,0.116,0.152,0.207,0.181,0.203,0.183,0.38,0.109,-0.154,0.144,0.255,0.431,0.105
2021-12-03,-0.112,0.116,0.221,0.153,0.16,0.167,0.183,0.151,0.126,0.054,-0.123,0.252,0.431,0.231
2021-12-06,0.088,0.041,0.199,0.15,0.004,0.216,0.152,0.099,0.152,-0.072,0.006,0.278,0.431,0.087
2021-12-07,0.376,0.039,0.233,0.287,0.155,0.08,0.149,0.115,0.016,0.228,0.048,0.255,0.431,0.114
2021-12-08,0.065,0.068,0.292,0.092,0.254,-0.163,0.083,0.328,-0.037,0.415,0.109,0.288,0.411,0.343
2021-12-09,0.235,0.064,0.252,0.04,0.278,0.258,0.085,0.376,0.088,0.057,0.231,0.36,0.418,0.15
2021-12-10,-0.038,0.208,0.256,0.212,0.215,0.163,0.08,0.269,0.167,0.382,0.183,0.381,0.418,0.015
2021-12-13,0.149,0.399,0.29,-0.038,0.007,0.281,0.26,0.184,0.251,0.239,0.318,0.158,0.418,0.171
2021-12-14,0.143,0.36,0.386,0.037,-0.032,0.21,0.427,0.515,0.397,0.26,0.449,0.155,0.4,0.03
2021-12-15,0.072,0.178,0.291,0.223,0.012,-0.119,0.47,0.473,0.331,0.048,0.304,0.289,0.399,-0.073
2021-12-16,0.284,0.311,0.393,0.116,0.343,-0.152,0.43,0.341,0.038,0.115,0.282,0.346,0.399,0.061
2021-12-17,0.077,-0.063,0.288,0.179,0.364,0.108,0.418,0.39,0.27,0.309,0.224,0.447,0.422,-0.113
2021-12-20,0.1,-0.047,0.302,0.284,0.239,-0.029,0.421,0.358,0.174,0.129,0.022,0.102,0.414,0.208
2021-12-21,-0.077,0.128,0.237,0.292,0.314,0.222,0.361,0.195,0.217,-0.074,0.131,0.134,0.414,-0.05
2021-12-22,0.229,0.046,0.257,0.154,0.249,0.336,0.35,0.239,0.237,0.318,0.286,0.134,0.414,0.18
2021-12-23,0.078,0.182,0.335,0.112,0.273,0.081,0.35,0.295,0.157,0.112,0.222,0.221,0.414,0.399
2021-12-24,-0.024,0.149,0.383,0.261,0.416,0.248,0.35,0.11,0.202,0.275,0.091,0.22,0.414,0.21
2021-12-27,0.105,0.297,0.396,0.329,0.347,0.066,0.35,0.137,0.0,0.253,0.123,0.158,0.414,0.025
2021-12-28,0.284,0.241,0.387,0.233,0.363,0.2,0.314,0.062,0.314,0.23,0.33,0.229,0.414,0.228
2021-12-29,0.308,0.206,0.305,0.425,0.33,0.27,0.33,0.141,0.416,0.465,0.555,0.229,0.414,0.266
2021-12-30,-0.002,0.201,0.224,0.248,0.269,0.27,0.33,0.273,0.292,0.324,0.416,0.227,0.414,0.239
2021-12-31,0.022,0.201,0.122,0.172,0.213,0.216,0.281,0.306,0.222,0.322,0.343,0.227,0.414,0.288
2022-01-03,0.435,0.161,0.094,0.269,0.193,0.321,0.281,0.312,0.337,0.385,0.286,0.202,0.414,0.104
2022-01-04,0.37,0.18,0.212,0.298,0.283,0.339,0.32,0.346,0.41,0.272,0.367,0.206,0.414,0.157
2022-01-05,0.167,0.105,0.307,0.349,0.267,0.391,0.419,0.152,0.299,0.075,0.131,0.169,0.414,0.442
2022-01-06,-0.054,0.137,0.271,0.197,0.38,0.185,0.395,0.075,0.084,0.183,-0.059,0.197,0.414,0.094
2022-01-07,0.272,0.122,0.293,0.285,0.267,0.176,0.374,0.169,-0.01,0.288,-0.131,0.197,0.414,-0.073
2022-01-10,0.101,0.214,0.274,0.216,0.179,0.195,0.402,0.232,0.163,0.242,0.37,0.34,0.414,0.184
2022-01-11,0.273,0.187,0.42,0.057,0.292,0.27,0.417,0.185,0.197,0.295,0.229,0.347,0.449,0.198
2022-01-12,0.319,0.212,0.398,0.26,0.366,0.125,0.247,0.402,0.118,0.303,0.397,0.377,0.449,0.086
2022-01-13,0.255,0.296,0.201,0.286,0.498,0.303,0.238,0.437,-0.186,0.426,0.204,0.286,0.449,0.168
2022-01-14,0.286,0.357,0.257,0.167,0.354,0.107,0.245,0.371,0.032,0.024,0.211,0.237,0.489,0.059
2022-01-17,0.377,0.303,0.25,0.103,0.151,0.105,0.153,0.361,0.051,-0.478,0.26,0.31,0.486,0.212
2022-01-18,0.244,0.303,0.325,0.373,0.125,0.331,0.14,0.287,0.273,-0.087,0.268,0.321,0.486,0.201
2022-01-19,0.313,0.294,0.201,0.283,0.139,0.15,0.161,0.34,0.218,0.047,0.422,0.275,0.456,0.178
2022-01-20,-0.062,0.207,0.313,0.239,0.326,0.333,0.422,0.19,0.036,0.001,0.597,0.482,0.456,-0.364
2022-01-21,0.215,0.46,0.227,0.121,0.401,0.249,0.463,0.203,0.113,0.36,0.417,0.51,0.456,0.062
2022-01-24,0.175,0.396,0.264,0.051,0.336,0.207,0.329,0.108,0.158,-0.008,0.104,0.396,0.456,0.167
2022-01-25,0.062,0.365,0.288,0.134,0.335,0.005,0.298,0.098,0.328,0.123,0.206,0.364,0.489,0.195
2022-01-26,-0.006,0.346,0.297,0.213,0.304,0.208,0.285,0.006,0.089,0.426,-0.215,0.364,0.489,0.134
2022-01-27,0.263,0.373,0.154,0.297,0.37,0.171,0.169,-0.082,0.277,0.309,0.027,0.253,0.553,-0.115
2022-01-28,-0.097,0.204,0.259,0.238,0.161,0.398,0.267,-0.025,0.315,0.31,0.271,0.318,0.458,-0.113
2022-01-31,-0.108,0.07,0.242,0.217,0.196,0.063,0.253,0.311,0.096,0.097,0.295,0.258,0.285,0.083
2022-02-01,0.102,0.172,0.523,0.294,0.321,0.389,0.416,0.201,0.397,0.447,0.377,0.15,0.26,0.344
2022-02-02,0.34,0.137,0.26,0.307,0.311,0.233,0.378,0.348,-0.092,0.194,0.222,0.178,0.213,0.132
2022-02-03,-0.085,0.173,0.437,0.088,0.426,-0.133,0.36,0.442,-0.309,0.265,0.384,0.134,0.213,0.278
2022-02-04,0.192,0.174,0.411,0.375,0.372,0.172,0.413,0.261,0.006,0.029,0.175,0.193,0.213,0.4
2022-02-07,0.311,0.32,0.388,0.129,0.269,-0.057,0.315,0.265,-0.097,0.273,0.301,0.129,0.213,0.18
2022-02-08,0.398,0.304,0.365,0.173,0.253,0.093,0.243,0.323,-0.073,0.186,0.077,0.144,0.213,0.1
2022-02-09,0.085,0.368,0.246,0.187,0.308,0.206,0.325,0.351,0.123,0.381,0.011,0.056,0.213,-0.015
2022-02-10,0.196,0.45,0.294,0.161,0.274,0.242,0.325,0.242,0.227,0.249,0.031,0.058,0.213,-0.054
2022-02-11,0.214,0.445,0.292,0.311,0.17,0.025,0.419,0.291,-0.114,0.009,0.159,0.138,0.25,-0.077
2022-02-14,0.184,0.409,0.162,0.174,-0.016,0.217,0.419,0.015,0.157,0.224,0.118,0.206,0.25,0.162
2022-02-15,0.132,0.447,0.202,0.275,-0.051,0.16,0.33,0.153,0.003,0.255,0.276,0.332,0.25,0.335
2022-02-16,0.213,0.447,0.326,0.329,-0.005,0.091,0.377,0.248,-0.06,0.088,0.253,0.32,0.216,-0.015
2022-02-17,0.146,0.447,0.245,0.413,0.099,0.063,0.384,0.108,0.072,0.032,0.126,0.265,0.216,-0.031
2022-02-18,0.236,0.427,0.155,0.225,-0.115,0.403,0.348,0.006,0.023,0.078,-0.28,0.265,0.213,-0.092
2022-02-21,0.13,0.454,0.123,0.205,-0.201,0.227,0.261,-0.053,0.099,0.124,0.019,0.265,0.213,0.227
2022-02-22,0.184,0.454,0.123,0.236,-0.1,0.197,0.261,-0.008,-0.029,0.261,0.045,0.265,0.239,0.095
2022-02-23,0.041,0.336,0.243,0.198,-0.234,0.029,0.21,-0.199,-0.001,0.254,0.054,0.265,0.239,-0.137
2022-02-24,0.066,0.366,0.09,0.125,-0.118,0.189,0.211,-0.236,0.057,-0.059,0.094,0.259,0.308,0.054
2022-02-25,-0.185,0.366,0.149,-0.114,0.251,-0.112,0.075,-0.302,0.025,-0.046,0.113,0.179,0.308,0.04
2022-02-28,0.095,0.227,0.231,0.163,0.15,-0.067,0.075,-0.179,-0.038,0.084,0.043,0.179,0.308,0.044
2022-03-01,0.014,0.227,-0.024,0.015,0.215,-0.141,0.069,0.073,-0.242,-0.113,0.231,0.22,0.308,0.056
2022-03-02,-0.062,0.215,-0.05,0.251,0.199,-0.313,0.002,0.1,-0.207,0.001,-0.061,0.23,0.327,0.031
2022-03-03,-0.245,0.203,-0.082,-0.035,0.252,-0.356,-0.038,0.043,-0.186,-0.043,-0.161,0.216,0.328,0.118
2022-03-04,-0.046,0.168,-0.074,0.081,0.328,-0.125,-0.09,-0.073,0.068,0.072,0.016,0.278,0.322,-0.278
2022-03-07,0.129,0.138,-0.1,0.068,0.384,-0.081,-0.031,-0.051,-0.139,-0.026,-0.026,0.251,0.322,-0.003
2022-03-08,-0.302,0.053,-0.075,0.142,0.384,-0.009,-0.032,-0.191,-0.018,-0.132,0.166,0.175,0.322,-0.126
2022-03-09,-0.157,0.183,0.157,0.159,0.312,-0.171,-0.147,0.119,-0.09,0.061,-0.061,0.097,0.282,-0.278
2022-03-10,0.206,0.183,0.179,0.189,0.297,0.098,0.072,0.119,-0.148,0.135,0.0,0.121,0.282,0.092
2022-03-11,0.069,0.149,0.287,0.203,-0.094,0.198,0.104,0.309,-0.251,0.209,0.259,0.069,0.3,0.215
2022-03-14,0.172,0.167,0.286,0.211,-0.13,0.082,0.123,0.34,-0.219,0.261,0.323,0.034,0.338,0.177
2022-03-15,-0.203,0.305,0.102,0.024,-0.1,0.105,0.105,0.132,-0.113,0.111,0.099,0.094,0.403,-0.09
2022-03-16,0.075,0.396,0.058,0.279,0.021,0.281,0.139,0.085,0.106,0.164,-0.005,0.119,0.403,0.123
2022-03-17,0.222,0.397,0.18,0.237,0.292,0.193,0.139,0.072,0.17,0.112,0.246,0.219,0.459,-0.042
2022-03-18,0.091,0.235,0.3,0.166,0.246,-0.092,0.197,0.243,-0.088,-0.016,0.314,0.199,0.459,0.05
2022-03-21,0.165,0.271,0.303,0.233,0.201,0.032,0.349,0.211,0.097,0.144,0.425,0.179,0.459,0.018
2022-03-22,0.157,0.248,0.382,0.228,0.283,0.012,0.34,0.261,-0.095,0.258,0.439,0.219,0.459,0.178
2022-03-23,0.046,0.203,0.226,0.055,0.259,0.042,0.353,0.276,-0.336,0.405,0.442,0.219,0.459,0.441
2022-03-24,0.22,-0.071,0.265,0.309,0.196,-0.012,0.342,0.179,-0.102,0.19,0.364,0.219,0.459,0.385
2022-03-25,0.122,-0.032,0.354,0.196,0.105,0.012,0.333,0.235,-0.007,-0.057,0.135,0.33,0.459,0.117
2022-03-28,0.254,0.156,0.363,0.232,0.199,0.217,0.352,0.281,0.232,0.018,0.397,0.237,0.448,0.218
2022-03-29,0.211,0.343,0.435,0.225,0.308,0.192,0.285,0.409,0.293,0.149,0.358,0.249,0.446,0.144
2022-03-30,0.2,0.279,0.376,0.164,0.409,0.134,0.261,0.445,0.2,0.212,0.353,0.291,0.422,-0.061
2022-03-31,0.294,0.262,0.201,0.389,0.293,0.106,0.271,0.32,0.084,0.06,0.227,0.228,0.412,0.101
2022-04-01,0.154,0.325,-0.054,0.186,0.184,0.115,0.24,0.176,0.021,0.071,0.232,0.228,0.412,0.102
2022-04-04,0.086,0.314,0.002,0.096,0.131,0.346,0.217,0.14,0.188,0.104,0.245,0.246,0.412,0.187
2022-04-05,0.057,0.323,0.327,0.396,0.235,0.079,0.124,0.099,0.097,0.386,0.451,0.197,0.412,0.102
2022-04-06,0.331,0.323,0.279,0.209,0.167,0.001,0.147,-0.009,0.004,0.318,0.347,0.197,0.392,-0.157
2022-04-07,0.061,0.323,0.299,0.117,0.099,0.113,0.144,0.046,-0.182,0.15,0.109,0.252,0.392,-0.189
2022-04-08,0.229,0.323,0.278,0.15,0.037,0.166,0.13,0.196,-0.008,0.34,0.161,0.252,0.392,0.125
2022-04-11,0.268,0.283,0.219,0.356,0.24,0.085,0.13,0.215,0.213,0.298,0.051,0.252,0.392,-0.154
2022-04-12,0.065,0.238,0.151,0.232,0.241,0.147,0.198,0.278,-0.101,0.253,0.133,0.315,0.397,0.036
2022-04-13,-0.044,0.249,0.078,0.15,0.172,0.181,0.158,0.384,0.211,0.147,0.123,0.315,0.397,0.04
2022-04-14,-0.11,0.241,0.142,0.208,0.119,0.275,0.27,0.324,0.178,0.057,0.252,0.315,0.343,0.175
2022-04-15,0.04,0.295,0.185,0.261,0.067,0.313,0.175,0.355,-0.201,0.099,0.151,0.315,0.369,-0.108
2022-04-18,0.106,0.295,0.221,0.263,0.066,0.202,0.168,0.342,0.034,0.314,0.063,0.412,0.369,0.011
2022-04-19,0.362,0.295,0.149,0.045,0.083,0.171,0.168,0.231,0.131,0.225,-0.055,0.418,0.369,0.074
2022-04-20,-0.042,0.341,0.147,0.311,0.124,0.073,0.296,0.258,-0.121,0.326,-0.019,0.324,0.434,0.224
2022-04-21,0.164,0.355,0.139,0.079,0.105,0.057,0.267,0.222,-0.029,0.073,0.091,0.23,0.434,0.272
2022-04-22,0.302,0.358,0.2,0.257,0.05,0.018,0.179,0.12,-0.022,0.148,0.194,0.23,0.401,0.089
2022-04-25,-0.252,0.358,0.23,-0.063,-0.028,-0.112,0.175,0.212,-0.028,-0.101,0.077,0.23,0.395,0.021
2022-04-26,-0.004,0.392,0.297,0.216,-0.111,0.078,0.092,0.092,0.046,-0.01,0.12,0.259,0.395,0.07
2022-04-27,0.208,0.392,0.28,0.146,0.016,0.027,0.207,0.015,0.157,0.237,0.051,0.259,0.395,-0.009
2022-04-28,0.24,0.409,0.197,0.064,0.076,-0.038,0.21,-0.007,0.189,0.142,0.205,0.18,0.395,0.298
2022-04-29,-0.037,0.362,0.19,0.1,0.153,-0.066,0.21,-0.201,0.179,0.065,0.151,0.245,0.395,-0.021
2022-05-02,0.125,0.427,0.129,0.099,0.117,0.236,0.243,0.123,0.01,0.168,0.143,0.245,0.395,0.028
2022-05-03,-0.079,0.424,0.045,0.037,0.063,0.051,0.243,0.228,-0.004,0.139,0.056,0.245,0.395,0.148
2022-05-04,0.316,0.371,0.385,0.184,0.046,0.2,0.259,0.235,0.186,0.171,0.123,0.307,0.419,0.181
2022-05-05,-0.08,0.371,0.017,-0.048,0.0,-0.048,0.254,0.131,-0.01,-0.015,-0.142,0.313,0.398,0.227
2022-05-06,0.11,0.294,0.058,0.006,0.013,0.062,0.177,0.08,0.101,0.132,-0.03,0.226,0.331,-0.115
2022-05-09,0.002,0.275,0.205,0.204,0.073,0.047,0.169,0.186,0.071,0.287,-0.166,0.36,0.405,0.114
2022-05-10,0.01,0.278,0.324,0.075,0.065,0.15,0.046,0.197,-0.26,0.101,0.048,0.314,0.405,-0.282
2022-05-11,-0.003,0.276,0.347,0.385,0.11,0.271,0.112,0.221,-0.115,0.011,0.178,0.305,0.412,0.111
2022-05-12,0.259,0.287,0.354,0.283,0.111,0.176,0.2,0.264,0.058,0.185,0.282,0.258,0.412,0.15
2022-05-13,0.021,0.214,0.358,-0.065,0.08,0.129,0.276,0.32,0.055,0.011,0.207,0.258,0.442,0.098
2022-05-16,0.07,0.201,0.352,-0.12,-0.025,0.116,0.232,0.269,0.008,0.033,0.159,0.287,0.442,-0.048
2022-05-17,0.153,0.14,0.394,0.065,0.041,0.04,0.263,0.249,-0.084,0.105,0.113,0.253,0.442,-0.097
2022-05-18,0.186,0.131,0.391,0.226,0.345,0.081,0.309,0.089,0.122,0.228,0.124,0.311,0.426,0.108
2022-05-19,0.045,0.215,0.403,-0.003,0.12,0.191,0.309,0.132,0.206,0.296,0.163,0.242,0.397,-0.23
2022-05-20,0.237,0.235,0.338,0.115,0.164,0.018,0.38,0.001,0.353,0.339,0.022,0.273,0.434,-0.186
2022-05-23,0.154,0.239,0.302,0.274,0.016,0.034,0.299,0.117,0.132,0.262,0.227,0.176,0.438,-0.046
2022-05-24,0.125,0.249,0.213,0.074,0.076,-0.068,0.321,0.056,-0.212,0.009,0.163,0.182,0.474,0.038
2022-05-25,-0.114,0.326,0.116,0.087,-0.082,-0.256,0.448,0.078,-0.285,0.081,0.248,0.227,0.498,-0.339
2022-05-26,-0.075,0.326,0.127,0.198,0.145,-0.139,0.396,-0.056,-0.313,0.059,-0.246,0.198,0.553,0.046
2022-05-27,0.38,0.342,0.068,0.186,0.329,0.232,0.371,0.036,-0.1,0.259,0.089,0.198,0.553,0.035
2022-05-30,0.079,0.351,0.009,0.135,0.341,0.047,0.39,0.091,-0.012,0.066,0.077,0.199,0.475,0.258
2022-05-31,0.079,0.351,0.054,0.242,0.199,0.164,0.397,0.091,0.072,0.032,0.022,0.217,0.481,0.071
2022-06-01,0.17,0.433,0.233,0.392,0.323,0.441,0.228,0.122,0.301,0.196,0.142,0.226,0.481,0.191
2022-06-02,0.129,0.44,0.403,0.284,0.286,0.294,0.112,0.008,-0.021,0.313,0.183,0.295,0.445,0.054
2022-06-03,-0.037,0.39,0.378,0.055,0.249,-0.084,0.015,0.108,0.117,-0.115,0.345,0.361,0.323,-0.136
2022-06-06,0.143,0.39,0.333,-0.011,0.296,0.045,0.041,0.042,-0.061,-0.018,0.012,0.291,0.295,0.011
2022-06-07,0.049,0.371,0.352,0.06,0.239,0.094,0.044,0.135,0.19,0.096,0.011,0.296,0.295,-0.137
2022-06-08,-0.069,0.305,0.378,-0.048,0.354,0.157,-0.028,0.099,0.185,0.047,0.127,0.245,0.261,-0.047
2022-06-09,0.143,0.265,0.305,0.285,0.292,0.237,0.073,-0.123,0.294,0.199,0.166,0.245,0.242,0.264
2022-06-10,0.067,0.209,0.342,-0.077,0.21,0.121,0.146,0.053,-0.066,0.13,0.103,0.245,0.242,-0.118
2022-06-13,0.145,0.093,0.104,0.121,0.163,0.111,0.192,0.136,-0.153,0.125,0.135,-0.15,0.242,-0.06
2022-06-14,0.021,0.212,0.203,0.183,0.307,0.305,0.285,0.107,-0.157,0.169,0.199,0.155,0.275,0.09
2022-06-15,0.117,0.217,0.241,0.208,0.306,0.265,0.284,0.137,-0.104,0.004,0.094,0.062,0.28,0.062
2022-06-16,-0.251,0.203,0.242,0.11,0.305,-0.09,0.283,0.167,-0.051,-0.161,-0.011,-0.03,0.286,0.033
2022-06-17,-0.022,-0.054,0.238,0.272,0.28,0.192,0.335,0.088,0.046,0.089,0.058,-0.09,0.286,-0.182
2022-06-20,0.065,0.024,0.258,0.162,0.328,-0.195,0.304,0.182,-0.143,-0.055,0.185,-0.08,0.286,-0.105
2022-06-21,0.099,0.024,0.307,0.215,0.328,0.167,0.187,0.15,-0.106,-0.049,0.21,-0.04,0.286,-0.176
2022-06-22,0.388,0.051,0.365,0.18,0.319,0.014,0.187,0.15,-0.043,0.281,0.211,0.112,0.231,0.148
2022-06-23,0.206,0.201,0.398,0.17,0.202,0.132,0.204,0.169,-0.037,0.105,0.194,0.135,0.231,0.024
2022-06-24,-0.065,0.159,0.385,0.225,0.04,-0.033,0.23,0.186,0.159,0.27,0.221,0.209,0.249,0.07
2022-06-27,0.312,0.268,0.299,0.065,0.047,0.213,0.207,0.16,0.373,0.259,0.225,0.325,0.249,0.021
2022-06-28,-0.002,0.177,0.303,0.125,-0.041,-0.064,0.214,0.263,0.112,0.128,0.132,0.308,0.25,0.031
2022-06-29,-0.021,0.186,0.255,0.132,-0.065,0.061,0.322,0.177,-0.088,0.245,0.016,0.368,0.25,0.018
2022-06-30,-0.056,0.178,-0.073,0.227,-0.017,-0.021,0.29,0.137,-0.071,0.266,0.014,0.196,0.289,-0.134
2022-07-01,-0.307,0.166,-0.129,0.306,0.015,-0.116,0.25,0.06,-0.193,0.06,-0.023,0.214,0.281,-0.133
2022-07-04,0.01,0.244,-0.073,0.143,-0.016,0.345,0.211,-0.089,-0.117,0.109,0.078,0.18,0.281,-0.096
2022-07-05,0.125,0.244,-0.049,0.298,0.031,0.276,0.198,-0.124,0.057,0.12,0.033,0.055,0.281,-0.235
2022-07-06,0.233,0.263,0.062,0.133,0.227,0.199,0.189,-0.156,-0.028,0.035,0.235,0.058,0.281,-0.077
2022-07-07,0.178,0.381,0.318,0.359,0.348,0.126,0.096,0.159,0.096,0.227,0.351,0.092,0.27,0.249
2022-07-08,0.331,0.388,0.315,0.341,0.342,0.121,0.093,0.156,0.092,0.224,0.345,0.093,0.261,0.245
2022-07-11,0.385,0.0,0.0,0.0,0.0,0.0,0.0,0.0,0.0,0.0,0.0,0.0,0.0,0.0
2022-07-12,-0.061,0.0,0.0,0.0,0.0,0.0,0.0,0.0,0.0,0.0,0.0,0.0,0.0,0.0
2022-07-13,0.164,0.0,0.0,0.0,0.0,0.0,0.0,0.0,0.0,0.0,0.0,0.0,0.0,0.0
2022-07-14,0.138,0.428,0.0,0.0,0.0,0.0,0.0,0.0,0.0,0.0,0.0,0.0,0.0,0.0
2022-07-15,0.239,0.0,0.0,0.0,0.0,0.0,0.0,0.0,0.0,0.0,0.0,0.0,0.0,0.0
2022-07-18,-0.042,0.0,0.0,0.0,0.0,0.0,0.0,0.0,0.0,0.0,0.0,0.0,0.0,0.0
2022-07-19,-0.128,0.0,0.0,0.0,0.0,0.0,0.0,0.0,0.0,0.0,0.0,0.0,0.0,0.0
2022-07-20,0.132,0.0,0.0,0.0,0.0,0.0,0.0,0.0,0.0,0.0,0.0,0.0,0.0,0.0
2022-07-21,0.177,0.0,0.0,0.0,0.0,0.0,0.061,0.0,0.0,0.0,0.0,0.0,0.0,0.0
2022-07-22,0.023,0.0,0.0,0.0,0.0,0.0,0.0,0.0,0.0,0.0,0.0,0.0,0.0,0.0
2022-07-25,-0.042,0.0,0.0,0.0,0.0,0.0,0.0,0.0,0.0,0.0,0.0,0.0,0.0,0.0
2022-07-26,0.025,0.0,0.0,0.0,0.0,0.0,0.0,0.0,0.0,0.0,0.0,0.0,0.0,0.0
2022-07-27,0.075,0.0,0.0,0.0,0.0,0.0,0.0,0.0,0.0,0.0,0.0,0.0,0.0,0.0
2022-07-28,-0.111,0.279,0.262,-0.019,0.0,0.0,0.0,0.0,0.0,0.0,0.0,0.0,0.0,0.0
2022-07-29,0.267,0.0,0.0,0.0,0.0,0.0,0.0,0.0,0.0,0.0,0.0,0.0,0.0,0.0
2022-08-01,0.319,0.0,0.0,0.0,0.0,0.0,0.0,0.0,0.0,0.0,0.0,0.0,0.0,0.0
2022-08-02,-0.076,0.0,0.0,0.0,0.0,0.0,0.0,0.0,0.0,0.0,0.0,0.0,0.0,0.0
2022-08-03,0.245,0.0,0.0,0.0,0.0,0.0,0.0,0.0,0.0,0.0,0.0,0.0,0.0,0.0
2022-08-04,0.184,0.284,0.0,0.0,0.0,0.0,0.021,0.0,-0.027,0.131,0.0,0.107,0.005,0.0
2022-08-05,0.044,0.274,0.102,0.103,0.0,-0.028,0.0,0.0,0.0,0.0,0.0,0.0,0.0,0.0
2022-08-08,0.224,0.0,0.0,0.0,0.0,0.0,0.0,0.0,0.0,0.0,0.0,0.0,0.0,0.0
2022-08-09,-0.028,0.0,0.0,0.0,0.0,0.0,0.0,0.0,0.0,0.0,0.0,0.0,0.0,0.0
2022-08-10,-0.033,0.0,0.0,0.0,0.0,0.0,0.0,0.0,0.0,0.0,0.0,0.0,0.0,0.0
2022-08-11,-0.018,0.308,-0.069,0.2,0.155,0.0,0.0,0.0,0.0,0.0,0.0,0.0,0.019,0.11
2022-08-12,0.045,0.0,0.0,0.0,0.0,0.0,0.0,0.0,0.0,0.0,0.0,0.0,0.0,0.0
2022-08-15,-0.061,0.0,0.0,0.0,0.0,0.0,0.0,0.0,0.0,0.0,0.0,0.0,0.0,0.0
2022-08-16,0.326,0.0,0.0,0.0,0.0,0.0,0.0,0.0,0.0,0.0,0.0,0.0,0.0,0.0
2022-08-17,0.001,0.0,0.0,0.0,0.0,0.0,0.0,0.0,0.0,0.0,0.0,0.0,0.0,0.0
2022-08-18,0.211,0.0,0.0,0.0,0.0,0.0,0.0,0.0,0.0,0.0,0.0,0.0,-0.064,0.0
2022-08-19,0.285,0.0,0.0,0.0,0.0,0.0,0.0,0.0,0.0,0.0,0.0,0.0,0.0,0.0
2022-08-22,0.242,0.0,0.0,0.0,0.0,0.0,0.0,0.0,0.0,0.0,0.0,0.0,0.0,0.0
2022-08-23,-0.171,0.0,0.0,0.0,0.0,0.0,0.0,0.0,0.0,0.0,0.0,0.0,0.0,0.0
2022-08-24,0.018,0.0,0.0,0.0,0.0,0.0,0.0,0.0,0.0,0.0,0.0,0.0,0.0,0.0
2022-08-25,0.166,0.435,0.202,0.298,0.0,0.0,0.0,0.0,0.0,0.0,0.0,0.0,0.0,0.0
2022-08-26,0.292,0.435,0.143,0.117,0.24,0.0,0.0,0.001,0.016,0.087,0.0,0.075,0.0,0.0
2022-08-29,0.167,0.435,-0.003,0.212,0.0,0.0,0.0,0.0,0.0,0.0,0.0,0.0,0.0,0.0
2022-08-30,0.099,0.419,-0.093,0.223,0.0,0.0,0.0,0.0,0.0,0.0,0.0,0.0,0.0,0.0
2022-08-31,-0.026,0.419,-0.056,0.283,0.0,0.0,0.0,0.0,0.0,0.0,0.0,0.0,0.0,0.0
2022-09-13,0.139,0.175,0.378,0.193,-0.061,0.244,0.418,0.065,-0.094,0.156,0.386,0.214,0.203,-0.085
2022-09-14,0.378,0.142,0.231,0.278,0.018,0.132,0.489,0.037,-0.018,0.019,0.361,0.149,0.155,-0.109
2022-09-15,0.078,0.171,0.064,0.006,0.0,0.107,0.0,0.055,0.045,0.307,0.0,0.0,0.0,0.0
2022-09-16,0.268,0.032,0.139,0.108,0.0,0.0,0.0,0.0,0.0,0.0,0.0,0.0,0.0,0.0
2022-09-19,0.203,-0.232,0.023,0.15,0.0,0.0,0.0,0.0,0.0,0.0,0.0,0.0,0.0,0.0
2022-09-20,0.233,0.213,0.007,0.117,0.0,0.0,0.0,0.0,0.0,0.0,0.0,0.0,0.0,0.0
2022-09-21,0.224,0.163,0.134,0.193,0.0,0.0,0.0,0.0,0.0,0.0,0.0,0.0,0.0,0.0
2022-09-22,0.179,0.128,0.027,0.059,0.234,0.0,0.111,0.0,0.0,0.0,0.0,0.001,0.338,0.0
2022-09-23,0.333,0.208,0.061,0.178,0.157,0.364,0.111,-0.074,0.047,0.282,-0.125,0.001,0.338,0.048
2022-09-26,0.245,0.304,0.207,0.321,0.191,0.059,0.203,0.087,0.034,0.205,0.15,0.024,0.338,0.017
2022-09-27,0.04,0.329,0.163,0.223,0.249,0.313,0.224,0.261,0.135,0.3,0.162,0.107,0.353,0.125
2022-09-28,-0.013,0.364,0.284,0.237,0.238,0.307,0.365,0.204,-0.132,0.266,0.246,0.085,0.353,0.197
2022-09-29,0.098,0.407,0.274,0.121,0.217,0.229,0.4,0.079,-0.196,0.378,0.086,0.431,0.464,0.014
2022-09-30,-0.108,0.419,0.184,0.123,0.132,-0.112,0.458,0.034,-0.104,0.191,-0.028,0.515,0.464,0.051
2022-10-03,0.132,0.425,0.286,0.319,0.06,0.265,0.364,0.077,0.049,0.183,0.149,0.551,0.434,-0.165
2022-10-04,0.071,0.444,0.196,0.146,0.075,0.318,0.372,0.23,0.115,0.304,0.217,0.532,0.434,0.215
2022-10-05,0.166,0.426,0.237,0.269,0.056,0.132,0.304,0.051,0.018,0.344,0.288,0.48,0.434,0.038
2022-10-06,0.239,0.335,0.179,0.239,0.113,0.318,0.111,0.108,0.27,0.249,0.269,0.457,0.434,0.134
2022-10-07,-0.138,0.211,-0.091,0.099,0.098,-0.2,0.177,-0.114,0.142,0.155,0.318,0.433,0.434,-0.003
2022-10-10,-0.035,0.156,-0.292,0.326,0.247,-0.057,0.356,-0.148,-0.206,0.124,0.016,0.211,0.371,0.092
2022-10-11,0.076,0.258,-0.132,0.306,0.247,0.2,0.384,-0.158,-0.13,0.213,-0.061,0.047,0.371,-0.118
2022-10-12,0.029,0.206,-0.085,0.325,0.261,0.129,0.377,-0.111,-0.246,-0.003,0.054,0.007,0.371,0.073
2022-10-13,0.189,0.257,-0.139,0.22,0.236,0.519,0.281,-0.284,-0.182,-0.183,0.372,-0.032,0.39,0.307
2022-10-14,0.247,0.24,-0.009,0.033,0.237,0.26,0.307,-0.022,-0.073,0.336,0.387,0.078,0.39,-0.049
2022-10-17,0.228,0.145,0.124,0.274,0.302,0.442,0.138,0.212,-0.044,0.376,0.305,0.185,0.39,0.087
2022-10-18,0.05,0.138,0.197,0.247,0.346,0.165,0.208,-0.068,0.057,0.082,0.234,0.305,0.39,0.198
2022-10-19,-0.051,0.322,0.074,0.109,0.342,-0.204,0.179,-0.223,0.015,0.164,0.19,0.649,0.39,0.106
2022-10-20,-0.042,0.238,0.13,0.154,0.215,0.44,0.292,-0.158,-0.192,-0.118,0.23,0.664,0.407,-0.004
2022-10-21,0.035,0.204,0.052,-0.018,0.197,-0.056,0.129,-0.041,0.021,-0.017,0.297,0.43,0.407,-0.049
2022-10-24,0.14,0.263,0.1,0.154,0.102,0.183,0.161,-0.118,-0.093,0.248,-0.141,0.354,0.407,-0.198
2022-10-25,0.079,0.274,0.051,0.04,0.015,0.161,0.273,-0.001,-0.216,0.055,-0.088,0.213,0.383,0.067
2022-10-26,0.21,0.309,0.258,0.226,-0.031,-0.094,0.306,0.12,-0.272,-0.098,0.087,0.199,0.403,0.138
2022-10-27,-0.026,0.304,0.273,0.059,-0.044,-0.032,0.383,0.302,-0.065,0.114,0.315,0.192,0.403,-0.118
2022-10-28,0.006,0.299,0.324,0.231,-0.03,-0.114,0.371,-0.146,-0.079,-0.193,0.399,0.248,0.403,0.213
2022-10-31,-0.066,0.32,0.315,0.272,-0.004,0.006,0.427,0.123,-0.021,0.112,0.27,0.341,0.408,0.082
2022-11-01,0.2,0.284,0.265,0.044,0.078,0.355,0.401,0.29,0.076,0.05,0.284,0.437,0.408,-0.136
2022-11-02,0.08,0.284,0.187,0.191,0.148,0.303,0.403,0.263,-0.008,0.081,0.307,0.455,0.408,0.155
2022-11-03,0.071,0.345,0.137,0.169,0.126,0.248,0.472,0.295,0.241,0.34,0.338,0.488,0.408,0.119
2022-11-04,0.135,0.445,0.142,0.167,0.032,0.278,0.476,0.267,0.296,0.178,0.279,0.488,0.493,0.028
2022-11-07,-0.261,0.417,0.215,0.159,0.177,0.122,0.455,0.355,-0.169,0.068,0.213,0.578,0.496,-0.212
2022-11-08,-0.125,0.405,0.22,0.027,0.264,0.175,0.367,0.358,-0.04,-0.087,0.123,0.446,0.514,-0.028
2022-11-09,0.079,0.407,0.216,0.206,0.292,0.115,0.231,0.308,-0.229,0.075,-0.034,0.43,0.54,0.137
2022-11-10,0.061,0.41,0.221,0.06,0.291,0.086,0.259,0.238,-0.123,-0.041,0.122,0.367,0.54,0.017
2022-11-11,0.018,0.381,0.216,0.114,0.268,0.253,0.331,0.191,0.144,0.17,0.199,0.351,0.54,-0.038
2022-11-14,0.326,0.386,0.252,0.387,0.181,0.501,0.351,0.214,0.13,0.259,0.531,0.364,0.531,-0.205
2022-11-15,-0.18,0.339,0.249,-0.001,0.169,0.077,0.291,0.388,0.245,0.101,0.111,0.35,0.441,-0.122
2022-11-16,0.065,0.388,0.244,0.238,0.311,-0.213,0.255,0.378,0.022,-0.023,0.05,0.35,0.441,-0.259
2022-11-17,0.08,0.29,0.014,0.115,0.289,0.059,0.267,0.16,-0.08,0.046,-0.08,0.329,0.435,0.139
2022-11-18,0.231,0.337,-0.028,0.111,0.066,-0.011,0.195,0.037,0.088,0.229,-0.034,0.345,0.349,0.155
2022-11-21,0.066,0.188,0.099,0.157,0.113,0.17,0.178,-0.116,-0.012,0.134,-0.015,0.437,0.371,-0.092
2022-11-22,0.234,0.203,0.139,0.32,-0.071,0.219,0.185,-0.029,-0.031,0.242,0.139,0.437,0.338,0.044
2022-11-23,0.245,0.249,0.139,0.205,-0.037,0.204,0.226,-0.148,0.101,0.282,0.171,0.464,0.324,0.002
2022-11-24,-0.282,0.299,0.095,0.295,-0.059,-0.108,0.245,-0.021,0.18,0.127,0.183,0.457,0.324,0.272
2022-11-25,-0.049,0.299,0.161,0.141,-0.107,0.005,0.239,0.04,0.081,0.006,0.271,0.466,0.324,0.11
2022-11-28,0.036,0.426,0.154,0.3,-0.072,0.362,0.216,0.226,0.342,-0.152,0.301,0.498,0.324,0.095
2022-11-29,-0.101,0.273,0.061,0.265,-0.066,0.053,0.298,0.159,-0.053,0.168,0.362,0.446,0.332,-0.163
2022-11-30,-0.165,0.303,0.101,0.141,0.109,-0.011,0.252,0.236,0.055,0.366,0.302,0.446,0.332,-0.038
2022-12-01,-0.026,0.303,0.146,0.226,0.149,0.126,0.197,0.113,0.047,0.43,0.303,0.294,0.355,0.194
2022-12-02,-0.143,0.283,0.318,0.35,0.142,0.176,0.217,0.116,-0.045,0.254,0.298,0.242,0.355,0.024
2022-12-05,-0.022,0.101,0.344,0.086,0.247,0.198,0.208,0.106,-0.025,0.403,0.375,0.157,0.263,-0.084
2022-12-06,-0.131,0.134,0.374,0.341,0.228,0.057,0.224,0.119,-0.055,0.156,0.222,0.157,0.206,-0.079
2022-12-07,-0.21,0.237,0.311,0.39,0.181,0.102,0.275,0.029,0.064,0.269,0.099,0.191,0.225,0.114
2022-12-08,-0.049,0.189,0.195,0.243,0.115,0.004,0.279,0.047,-0.069,0.079,0.101,0.269,0.225,-0.344
2022-12-09,0.092,0.025,0.223,0.275,0.178,0.142,0.317,0.143,-0.073,-0.34,0.172,0.431,0.225,0.045
2022-12-12,0.224,0.139,0.236,0.415,0.178,0.405,0.339,0.236,0.315,0.038,0.179,0.413,0.225,-0.141
2022-12-13,0.103,0.144,0.262,0.202,0.202,0.212,0.369,0.291,0.193,0.434,0.352,0.531,0.283,0.01
2022-12-14,0.125,0.17,0.369,0.371,0.19,0.295,0.338,0.32,-0.204,0.416,0.404,0.389,0.282,0.133
2022-12-15,0.132,0.209,0.343,0.11,0.244,-0.055,0.326,0.257,-0.28,0.106,0.529,0.387,0.282,-0.099
2022-12-16,-0.018,0.318,0.384,0.233,0.244,0.103,0.34,0.194,0.189,0.117,0.307,0.35,0.282,0.144
2022-12-19,-0.073,0.205,0.288,0.169,0.379,0.224,0.412,0.08,-0.253,-0.048,-0.154,0.353,0.282,-0.085
2022-12-20,0.062,0.221,0.343,0.292,0.292,0.251,0.412,-0.001,-0.26,0.372,-0.174,0.326,0.282,-0.202
2022-12-21,0.033,0.221,0.373,0.288,0.193,0.213,0.412,-0.007,-0.31,0.333,-0.129,0.326,0.282,-0.134
2022-12-22,0.212,0.259,0.349,0.328,0.226,0.213,0.5,-0.051,0.117,0.288,0.231,0.328,0.283,0.099
2022-12-23,0.215,0.266,0.349,0.325,0.233,0.204,0.486,-0.033,0.104,0.291,0.241,0.33,0.288,0.086
2022-12-26,0.226,0.286,0.348,0.315,0.255,0.176,0.442,0.022,0.065,0.3,0.272,0.335,0.303,0.047
2022-12-27,0.229,0.293,0.348,0.312,0.262,0.167,0.428,0.041,0.052,0.304,0.283,0.337,0.308,0.034
2022-12-28,0.232,0.3,0.348,0.309,0.269,0.158,0.414,0.059,0.039,0.307,0.293,0.338,0.313,0.021
2022-12-29,0.236,0.306,0.348,0.306,0.277,0.148,0.399,0.077,0.026,0.31,0.303,0.34,0.318,0.008
2022-12-30,0.239,0.313,0.348,0.303,0.284,0.139,0.385,0.096,0.013,0.313,0.314,0.342,0.323,-0.005
2023-01-02,0.25,0.333,0.347,0.293,0.306,0.111,0.341,0.151,-0.027,0.322,0.345,0.347,0.337,-0.045
2023-01-03,0.253,0.34,0.347,0.29,0.313,0.102,0.327,0.169,-0.04,0.325,0.355,0.348,0.342,-0.058
2023-01-04,0.256,0.347,0.347,0.287,0.32,0.093,0.313,0.188,-0.053,0.329,0.366,0.35,0.347,-0.071
2023-01-05,0.26,0.354,0.347,0.284,0.327,0.084,0.298,0.206,-0.066,0.332,0.376,0.352,0.352,-0.084
2023-01-06,0.263,0.36,0.346,0.28,0.335,0.074,0.284,0.224,-0.079,0.335,0.386,0.354,0.357,-0.097
2023-01-08,0.27,0.374,0.346,0.274,0.349,0.056,0.255,0.261,-0.105,0.341,0.407,0.357,0.367,-0.123
2023-01-09,0.365,0.374,0.346,0.212,0.308,0.04,0.255,0.169,-0.263,0.31,0.385,0.357,0.367,0.063
2023-01-10,0.079,0.329,0.417,0.246,0.373,0.04,0.247,0.203,-0.414,0.348,0.273,0.34,0.417,-0.021
2023-01-11,-0.228,0.358,0.451,0.091,0.373,0.093,0.217,0.151,0.085,0.323,0.415,0.293,0.417,-0.065
2023-01-12,-0.12,0.352,0.314,0.208,0.36,0.023,0.188,0.011,0.135,0.235,0.257,0.303,0.417,0.0
2023-01-13,-0.001,0.34,0.228,0.242,0.296,-0.025,0.166,-0.023,0.139,0.209,0.249,0.337,0.417,0.051
2023-01-16,0.028,0.308,0.179,0.243,0.266,0.149,0.166,0.13,0.206,0.325,0.201,0.338,0.417,0.039
2023-01-17,0.286,0.301,0.154,0.281,0.166,0.149,0.172,0.195,0.202,0.062,0.325,0.265,0.417,0.145
2023-01-18,0.252,0.305,0.218,0.195,0.116,0.088,0.136,0.357,0.113,-0.101,0.295,0.257,0.424,-0.053
2023-01-19,-0.065,0.296,0.312,0.149,0.205,0.167,0.259,0.368,-0.036,-0.189,0.244,0.345,0.393,-0.345
2023-01-20,-0.025,0.252,0.355,0.315,0.237,0.116,0.207,0.2,-0.105,-0.021,0.183,0.288,0.393,-0.08
2023-01-23,-0.014,0.237,0.235,0.325,0.034,0.096,0.251,0.097,0.209,0.063,0.239,0.288,0.436,-0.22
2023-01-24,0.24,0.237,0.219,0.167,0.002,0.178,0.245,0.28,0.204,0.095,0.374,0.296,0.435,0.131
2023-01-25,0.165,0.237,0.215,0.146,0.002,0.229,0.275,0.063,0.338,-0.099,0.271,0.225,0.446,0.047
2023-01-26,-0.054,0.237,0.129,0.006,0.193,-0.039,-0.037,-0.132,-0.385,-0.004,0.181,0.189,0.065,0.022
2023-01-27,0.093,0.236,-0.029,0.329,0.175,-0.153,0.053,-0.28,0.197,0.256,-0.031,0.189,0.0,0.062
2023-01-30,0.089,0.249,-0.169,0.344,0.102,-0.247,0.198,-0.337,0.114,0.02,0.025,0.148,-0.006,0.093
2023-01-31,0.045,0.253,-0.088,0.429,0.091,-0.238,0.388,0.089,0.004,0.146,0.107,0.161,-0.025,-0.078
2023-02-01,-0.159,0.253,0.045,0.08,0.044,-0.209,0.388,-0.037,-0.104,0.279,0.099,0.149,-0.025,0.054
2023-02-02,0.093,0.215,0.042,0.292,0.139,-0.086,0.341,-0.049,0.342,-0.002,0.134,0.076,-0.106,-0.215
2023-02-03,-0.13,0.215,0.001,0.123,0.117,-0.082,0.229,-0.044,0.212,-0.027,0.355,0.115,-0.029,-0.12
2023-02-06,-0.066,0.313,0.15,-0.028,0.346,-0.127,0.164,0.024,0.217,0.086,0.254,0.163,-0.029,0.038
2023-02-07,-0.007,0.313,0.228,0.139,0.106,-0.139,0.114,0.064,0.066,0.073,0.288,0.175,-0.029,0.124
2023-02-08,0.172,0.313,0.18,0.061,-0.026,-0.213,0.13,0.127,0.066,0.008,0.311,0.274,-0.029,0.378
2023-02-09,0.135,0.301,0.198,0.233,-0.077,-0.036,-0.026,0.123,0.299,-0.003,0.269,0.34,0.068,0.101
2023-02-10,0.09,0.301,0.145,0.169,-0.088,-0.035,0.059,0.157,0.088,-0.008,0.352,0.364,0.123,-0.107
2023-02-13,0.388,0.32,0.22,0.31,0.106,0.026,0.162,0.291,-0.102,0.116,0.178,0.364,0.119,0.3
2023-02-14,0.231,0.324,0.223,0.192,0.042,0.053,0.432,0.246,0.122,0.13,0.312,0.117,0.081,0.339
2023-02-15,0.278,0.324,0.388,0.137,0.042,0.053,0.435,0.222,-0.103,-0.187,0.396,0.117,0.209,0.256
2023-02-16,0.264,0.349,0.372,0.274,0.031,0.07,0.459,0.278,-0.06,0.14,0.334,0.117,0.209,0.144
2023-02-17,0.037,0.349,0.385,0.08,0.004,0.267,0.358,0.181,0.11,0.023,0.262,0.117,0.21,-0.115
2023-02-20,0.306,0.282,0.427,0.343,0.025,0.255,0.364,0.196,0.283,0.192,0.489,0.185,0.278,-0.301
2023-02-21,0.048,0.264,0.384,0.349,0.016,0.24,0.352,0.204,-0.139,0.299,0.149,0.185,0.23,-0.209
2023-02-22,-0.175,0.258,0.384,0.249,0.026,0.112,0.309,0.208,0.043,0.139,0.143,0.174,0.279,0.048
2023-02-23,0.02,0.257,0.259,0.236,0.207,0.033,0.232,0.025,-0.134,0.091,0.272,0.227,0.379,0.24
2023-02-24,0.336,0.035,0.247,0.339,0.025,0.028,0.193,0.096,-0.065,0.13,0.033,0.216,0.441,0.227
2023-02-27,0.258,-0.337,0.261,0.297,0.03,-0.059,0.131,0.251,0.064,0.394,0.283,0.268,0.441,-0.141
2023-02-28,0.049,-0.337,0.248,0.213,0.15,-0.059,0.204,0.09,0.247,0.207,0.324,0.299,0.441,0.368
2023-03-01,0.029,-0.197,0.166,0.32,0.122,-0.059,0.201,-0.035,0.214,0.136,0.297,0.356,0.442,0.029
2023-03-02,0.335,0.075,0.287,0.455,0.336,-0.044,0.204,0.059,0.164,0.144,0.336,0.41,0.453,-0.008
2023-03-03,-0.199,0.11,0.288,0.221,0.407,-0.014,0.25,0.124,-0.032,0.193,0.373,0.388,0.453,0.133
2023-03-06,0.365,0.173,0.346,0.237,0.36,0.035,0.316,0.156,-0.034,0.067,0.196,0.338,0.453,0.033
2023-03-07,0.304,0.298,0.26,0.23,0.26,0.076,0.356,0.127,0.025,0.105,0.225,0.32,0.427,-0.093
2023-03-08,0.372,0.289,0.319,0.255,0.126,0.095,0.214,0.232,0.024,0.112,0.287,0.32,0.427,0.184
2023-03-09,0.144,0.305,0.141,0.261,0.169,0.184,0.186,0.147,0.136,0.117,0.311,0.306,0.409,-0.132
2023-03-10,0.1,0.282,0.15,0.34,0.154,0.174,0.094,0.077,0.08,0.052,0.232,-0.075,0.403,0.228
2023-03-13,0.315,0.131,0.174,0.314,0.09,0.195,0.086,0.016,-0.068,0.096,0.336,-0.144,0.349,0.148
2023-03-14,0.462,0.15,0.251,0.385,0.079,0.195,0.096,0.016,0.252,0.101,0.414,0.055,0.329,-0.061
2023-03-15,0.386,0.269,0.358,0.298,0.237,0.225,0.172,-0.005,0.111,0.192,0.422,-0.038,0.296,0.19
2023-03-16,0.207,0.281,0.336,0.282,0.299,0.206,0.324,-0.035,-0.061,0.053,0.328,0.0,0.296,0.042
2023-03-17,0.004,0.341,0.242,0.211,0.238,0.262,0.324,-0.128,-0.097,0.311,0.334,-0.061,0.26,-0.016
2023-03-20,0.316,0.506,0.27,0.24,0.306,0.025,0.324,-0.036,-0.11,0.567,0.32,0.061,0.26,0.191
2023-03-21,0.292,0.454,0.324,0.187,0.345,-0.018,0.358,-0.009,-0.022,0.176,0.379,-0.003,0.26,0.187
2023-03-22,0.055,0.453,0.309,0.298,0.39,-0.16,0.388,0.041,-0.238,-0.064,0.375,-0.142,0.225,0.099
2023-03-23,0.021,0.354,0.344,0.05,0.238,-0.135,0.404,0.135,-0.189,0.281,0.169,-0.034,0.225,-0.009
2023-03-24,0.253,0.268,0.336,0.257,0.295,-0.049,0.414,0.114,-0.296,0.278,0.249,-0.036,0.214,-0.045
2023-03-27,0.241,0.245,0.37,0.233,0.164,-0.176,0.464,0.144,0.139,-0.016,0.211,0.026,0.151,-0.088
2023-03-28,0.447,0.244,0.438,0.086,0.138,-0.223,0.396,0.295,0.308,0.131,0.344,0.026,0.171,-0.049
2023-03-29,-0.007,0.244,0.45,0.369,0.313,-0.31,0.359,0.287,0.315,0.181,0.295,0.139,0.171,0.082
2023-03-30,0.056,0.28,0.49,0.108,0.159,-0.117,0.309,0.27,-0.174,-0.175,0.323,0.188,0.26,0.127
2023-03-31,0.096,0.28,0.453,0.203,0.395,-0.091,0.213,0.463,-0.018,0.048,0.198,0.202,0.249,0.096
2023-04-03,0.058,0.322,0.396,0.232,0.27,-0.055,0.305,0.452,0.061,-0.013,0.266,0.324,0.297,-0.023
2023-04-04,-0.056,0.322,0.375,0.15,0.074,0.044,0.335,0.319,0.134,0.248,0.215,0.393,0.295,0.137
2023-04-05,0.18,0.281,0.373,0.247,-0.047,-0.016,0.327,0.112,0.003,0.064,0.307,0.409,0.309,0.22
2023-04-06,0.014,0.256,0.337,0.14,0.007,-0.099,0.327,0.058,-0.039,0.069,0.383,0.451,0.309,0.021
2023-04-07,0.108,0.256,0.302,0.101,0.091,-0.043,0.352,0.213,-0.026,-0.079,0.364,0.451,0.309,-0.032
2023-04-10,0.092,0.192,0.226,0.248,0.31,-0.079,0.345,0.208,0.126,0.049,0.358,0.428,0.309,0.097
2023-04-11,0.153,0.192,0.214,0.177,0.176,-0.124,0.346,0.286,0.147,0.192,0.446,0.425,0.309,0.294
2023-04-12,0.156,0.192,0.197,0.278,0.162,-0.096,0.346,0.291,0.247,0.378,0.401,0.42,0.314,-0.15
2023-04-13,0.091,0.214,0.233,0.331,-0.22,0.159,0.178,0.333,0.027,0.35,0.172,0.466,0.314,0.206
2023-04-14,0.309,0.238,0.24,0.216,-0.325,0.206,0.147,0.229,0.072,0.193,0.274,0.503,0.314,-0.175
2023-04-17,-0.018,0.218,0.325,0.063,-0.253,0.172,0.136,0.229,0.163,0.188,0.459,0.472,0.254,-0.079
2023-04-18,-0.073,0.227,0.35,0.033,-0.032,0.174,0.123,0.31,0.206,0.128,0.5,0.472,0.254,-0.049
2023-04-19,-0.007,0.346,0.344,0.275,0.159,-0.004,0.177,0.294,-0.121,0.119,0.032,0.473,0.226,-0.094
2023-04-20,0.185,0.442,0.26,0.282,0.0,-0.004,0.0,0.014,-0.033,0.212,0.227,0.449,0.156,0.015
2023-04-21,0.097,0.429,0.11,0.086,0.204,-0.023,0.131,-0.043,0.301,0.11,0.294,0.425,0.086,-0.087
2023-04-24,0.107,0.411,0.192,0.084,0.261,0.035,0.189,-0.051,0.267,0.229,0.313,0.425,0.086,0.006
2023-04-25,0.239,0.442,0.123,0.118,0.095,-0.008,0.267,-0.032,0.121,-0.167,0.172,0.424,0.18,-0.185
2023-04-26,0.328,0.438,0.286,0.32,0.099,0.134,0.426,-0.103,0.1,0.032,0.13,0.4,0.18,-0.084
2023-04-27,0.153,0.472,0.286,0.169,0.0,-0.004,0.436,0.007,0.176,-0.244,0.34,0.4,0.24,-0.049
2023-04-28,0.101,0.458,0.326,0.164,0.1,0.101,0.392,-0.076,0.208,0.093,0.192,0.339,0.281,0.002
2023-05-01,0.098,0.469,0.183,0.149,0.139,0.134,0.452,0.247,0.219,0.19,0.271,0.339,0.248,0.104
2023-05-02,0.042,0.488,0.251,0.2,0.123,0.17,0.34,0.212,0.185,0.237,0.362,0.329,0.248,0.107
2023-05-03,0.156,0.41,0.014,0.315,0.183,0.159,-0.004,0.11,-0.081,0.081,0.34,0.291,0.279,-0.07
2023-05-04,-0.097,0.386,-0.018,0.427,0.211,0.086,0.035,0.202,0.069,-0.189,0.355,0.322,0.279,-0.049
2023-05-05,0.262,0.339,0.051,0.368,0.257,0.099,0.106,0.105,0.073,0.207,0.245,0.328,0.279,0.144
2023-05-08,0.14,0.332,0.364,0.311,0.328,0.047,0.2,0.157,0.055,0.097,0.319,0.317,0.361,-0.119
2023-05-09,0.197,0.323,0.412,0.341,0.365,-0.039,0.373,0.179,-0.015,0.236,0.205,0.21,0.409,-0.091
2023-05-10,0.17,0.276,0.456,0.139,0.175,-0.144,0.424,0.184,0.195,0.232,0.233,0.194,0.409,0.199
2023-05-11,0.062,0.135,0.539,0.314,0.073,-0.081,0.266,0.1,0.077,0.056,0.293,0.25,0.457,0.235
2023-05-12,0.138,0.135,0.529,0.096,0.173,0.057,0.266,-0.059,0.149,0.109,0.376,0.195,0.444,0.171
2023-05-15,0.019,0.048,-0.124,0.076,0.1,0.014,0.075,-0.217,0.033,-0.02,0.039,0.018,0.404,-0.093
2023-05-16,-0.096,0.074,-0.124,0.027,-0.092,0.014,0.069,-0.326,-0.152,0.012,-0.031,0.038,0.41,-0.038
2023-05-17,-0.14,0.074,-0.179,0.011,-0.19,-0.009,0.192,-0.378,-0.142,0.175,-0.063,-0.006,0.431,-0.287
2023-05-18,0.113,0.117,-0.054,0.092,0.239,0.02,0.121,-0.31,-0.102,0.096,0.013,0.041,0.401,0.094
2023-05-19,-0.128,0.137,-0.086,0.097,-0.117,0.197,0.071,-0.332,0.1,-0.104,-0.206,0.041,0.363,-0.166
2023-05-22,-0.209,0.205,0.0,-0.208,0.16,-0.015,0.127,-0.174,-0.087,-0.178,0.093,0.051,0.363,-0.054
2023-05-23,-0.149,0.158,-0.058,0.097,-0.005,0.013,0.229,-0.008,-0.098,-0.054,0.11,0.138,0.363,-0.03
2023-05-24,-0.274,0.191,0.024,0.168,-0.033,0.023,0.272,-0.154,-0.163,0.032,-0.024,0.039,0.353,-0.011
2023-05-25,-0.013,0.244,0.145,0.072,-0.068,-0.003,0.269,-0.058,-0.133,-0.242,0.079,0.139,0.373,-0.1
2023-05-26,-0.06,0.184,-0.05,0.068,-0.039,-0.137,0.339,-0.02,0.002,-0.076,-0.079,0.081,0.373,-0.398
2023-05-29,0.074,0.225,0.067,-0.001,-0.013,-0.09,0.408,-0.112,0.026,-0.06,0.195,0.129,0.373,-0.035
2023-05-30,0.082,0.305,0.241,0.057,-0.013,-0.02,0.408,-0.107,0.012,0.009,0.022,0.129,0.373,-0.028
2023-05-31,-0.01,0.303,0.294,0.114,0.033,0.033,0.356,-0.08,0.039,0.092,-0.146,0.19,0.374,0.253
2023-06-01,0.19,0.258,0.032,-0.16,0.008,0.076,0.306,-0.048,0.007,-0.004,-0.054,0.189,0.366,0.148
2023-06-02,-0.083,0.305,-0.023,0.025,0.135,0.147,0.282,-0.073,-0.29,0.09,-0.141,0.118,0.366,0.027
2023-06-05,-0.081,0.27,-0.041,-0.012,0.102,0.233,0.26,-0.088,0.062,-0.051,-0.236,0.091,0.366,-0.224
2023-06-06,0.15,0.265,-0.006,-0.073,0.155,0.173,0.237,-0.188,0.067,-0.196,-0.15,0.091,0.366,-0.103
2023-06-07,0.363,0.259,-0.023,0.054,0.131,0.173,0.246,-0.092,0.356,-0.019,-0.132,0.091,0.341,0.096
2023-06-08,-0.057,0.214,-0.182,0.099,0.131,0.25,0.246,-0.139,-0.138,-0.061,0.007,0.185,0.431,-0.242
2023-06-09,-0.012,0.229,-0.125,-0.096,0.153,0.242,0.264,-0.032,-0.008,0.151,-0.218,0.09,0.455,0.115
2023-06-12,-0.148,0.252,-0.098,0.108,0.142,0.052,0.311,-0.117,-0.195,-0.013,-0.085,0.093,0.455,-0.044
2023-06-13,0.01,0.199,0.012,-0.028,0.085,0.036,0.232,-0.072,0.041,-0.234,0.078,0.211,0.455,0.144
2023-06-14,0.07,0.194,0.015,0.065,0.017,0.036,0.254,0.148,0.126,0.021,0.082,0.254,0.475,0.021
2023-06-15,0.112,0.231,0.058,0.018,0.019,-0.059,0.297,0.063,0.176,0.149,-0.162,0.24,0.475,0.227
2023-06-16,0.002,0.22,0.0,-0.07,0.043,-0.094,0.308,-0.053,0.127,0.184,-0.066,0.044,0.475,0.262
2023-06-19,-0.024,0.171,-0.054,-0.001,0.259,-0.11,0.315,0.296,-0.127,-0.275,-0.091,-0.29,0.475,0.035
2023-06-20,-0.102,-0.157,-0.02,-0.099,0.033,-0.145,0.241,0.025,-0.23,-0.241,-0.121,-0.359,0.442,0.005
2023-06-21,0.02,-0.347,0.056,0.15,0.187,-0.109,0.303,-0.033,-0.193,-0.037,0.0,-0.388,0.475,-0.027
2023-06-22,0.03,-0.043,0.048,-0.036,0.256,-0.106,0.418,-0.31,0.083,-0.123,0.001,-0.265,0.475,0.122
2023-06-23,0.029,-0.101,0.046,0.02,0.198,-0.106,0.376,0.125,-0.047,-0.02,0.05,-0.213,0.475,-0.03
2023-06-26,-0.045,0.019,0.009,-0.141,0.219,0.044,-0.004,0.044,0.02,0.06,-0.071,-0.142,0.475,0.054
2023-06-27,0.185,0.002,0.036,-0.015,0.079,0.132,0.17,-0.029,-0.044,-0.043,-0.139,-0.005,0.475,-0.233
2023-06-28,-0.272,-0.096,0.001,0.207,0.025,0.178,0.004,-0.125,-0.099,0.002,-0.197,0.17,0.509,0.078
2023-06-29,-0.042,-0.111,-0.124,-0.128,-0.001,0.169,0.004,-0.138,-0.121,-0.065,-0.189,0.252,0.514,0.057
2023-06-30,-0.11,-0.159,-0.141,-0.023,0.013,0.084,0.006,-0.215,-0.046,-0.065,-0.05,0.266,0.514,0.086
2023-07-03,-0.114,-0.142,-0.04,-0.011,0.013,0.042,-0.031,-0.169,0.026,-0.01,0.054,0.278,0.504,-0.035
2023-07-04,0.087,-0.009,0.052,0.137,0.029,0.042,-0.006,-0.169,0.033,0.035,0.272,0.288,0.504,-0.14
2023-07-05,-0.072,-0.083,-0.143,0.143,0.029,0.042,-0.006,-0.202,-0.135,0.007,-0.03,0.288,0.504,-0.074
2023-07-06,-0.277,-0.048,-0.021,0.114,0.002,-0.043,0.116,-0.259,-0.15,0.164,-0.119,0.336,0.504,0.107
2023-07-07,0.016,0.201,-0.038,0.016,0.216,-0.043,0.181,-0.253,-0.195,0.13,-0.098,0.337,0.449,-0.205
2023-07-10,-0.195,0.235,-0.19,-0.019,0.022,-0.091,0.251,-0.272,-0.173,0.198,0.022,0.358,0.449,-0.099
2023-07-11,0.024,0.179,-0.15,0.121,0.158,0.078,0.274,-0.342,-0.235,0.176,-0.042,0.355,0.441,0.011
2023-07-12,0.375,0.152,-0.17,-0.01,0.133,0.064,0.135,-0.277,-0.146,0.038,-0.019,0.372,0.441,-0.068
2023-07-13,0.185,0.188,-0.241,-0.021,0.21,-0.006,0.132,-0.262,-0.088,0.203,0.063,0.426,0.419,0.239
2023-07-14,-0.007,0.12,-0.127,0.024,0.366,0.082,0.154,-0.219,0.103,-0.176,0.022,0.344,0.419,0.281
2023-07-17,0.191,0.248,0.251,0.352,0.31,0.082,0.219,0.072,0.061,0.134,0.221,0.455,0.419,0.176
2023-07-18,0.258,0.273,0.194,0.432,0.269,0.082,0.242,0.142,0.167,0.104,0.403,0.438,0.423,0.077
2023-07-19,0.306,0.202,0.195,0.337,0.246,-0.044,0.358,0.149,-0.123,0.264,0.229,0.459,0.421,0.022
2023-07-20,0.311,0.257,0.279,0.361,0.118,0.039,-0.136,0.156,0.063,0.137,0.401,0.463,0.407,0.021
2023-07-21,0.239,0.304,0.222,0.112,0.132,0.087,0.145,0.103,0.079,0.335,-0.027,0.442,0.299,0.043
2023-07-24,0.291,0.329,0.139,0.243,-0.021,0.204,0.179,0.063,0.135,0.258,0.322,0.447,0.343,0.274
2023-07-25,0.244,0.34,0.178,0.361,-0.057,0.149,0.197,0.182,0.168,0.048,0.262,0.416,0.343,0.09
2023-07-26,0.209,0.341,0.294,0.349,-0.076,0.255,0.197,0.17,-0.081,0.419,0.441,0.397,0.343,0.013
2023-07-27,0.312,0.185,0.312,0.405,0.18,0.156,0.23,0.201,0.098,0.219,0.242,0.458,0.343,0.309
2023-07-28,0.354,0.264,0.511,0.337,0.223,0.13,0.301,0.354,0.253,0.348,0.553,0.465,0.359,-0.044
2023-07-31,0.147,0.264,0.323,0.318,0.328,0.366,0.382,0.02,0.174,0.178,0.217,0.483,0.369,0.131
2023-08-01,0.225,0.287,0.138,0.276,0.556,0.233,0.463,0.058,0.019,0.276,0.251,0.505,0.375,0.24
2023-08-02,0.324,0.295,0.319,0.167,0.503,0.088,0.463,0.315,0.091,0.222,0.223,0.467,0.405,0.056
2023-08-03,0.399,0.287,0.078,0.233,0.425,0.153,0.486,0.104,-0.064,0.325,0.344,0.454,0.405,0.16
2023-08-04,0.149,0.213,0.166,0.216,0.376,-0.082,0.475,0.123,-0.021,0.259,0.178,0.451,0.405,0.059
2023-08-07,0.107,0.235,0.253,0.056,0.372,0.241,0.459,0.14,0.016,0.368,0.202,0.444,0.405,-0.02
2023-08-08,0.291,0.181,0.284,0.132,0.267,0.34,0.468,0.187,0.065,0.339,0.01,0.465,0.431,-0.082
2023-08-09,0.257,0.212,0.231,0.276,0.297,0.022,0.337,0.24,0.141,0.365,0.206,0.465,0.455,0.24
2023-08-10,0.262,0.222,0.245,0.233,0.205,0.064,0.328,0.248,0.096,0.337,0.24,0.444,0.459,0.155
2023-08-11,0.267,0.232,0.259,0.189,0.113,0.106,0.32,0.256,0.051,0.309,0.275,0.423,0.462,0.07
2023-08-14,0.281,0.263,0.302,0.059,-0.162,0.231,0.294,0.281,-0.085,0.225,0.378,0.36,0.473,-0.185
2023-08-15,0.429,0.248,0.357,0.036,-0.254,0.468,0.285,0.413,-0.075,0.188,0.303,0.339,0.477,0.07
2023-08-16,0.407,0.287,0.388,0.252,-0.164,0.348,0.258,0.083,0.05,0.193,0.052,0.269,0.477,-0.093
2023-08-17,0.22,0.361,0.383,0.127,0.084,0.133,0.374,-0.014,0.063,0.268,0.176,0.269,0.465,0.038
2023-08-18,-0.087,0.258,0.337,0.173,0.144,0.159,0.317,0.002,0.091,0.237,0.224,0.269,0.465,-0.209
2023-08-21,0.238,0.29,0.256,0.393,0.25,0.084,0.257,0.088,-0.112,0.185,0.266,0.269,0.465,0.047
2023-08-22,0.194,0.151,0.353,0.287,0.296,0.212,0.174,0.195,-0.035,0.33,0.451,0.109,0.435,0.165
2023-08-23,0.19,0.288,0.27,0.362,0.35,0.368,0.094,0.264,-0.249,0.346,0.292,0.099,0.435,0.002
2023-08-24,0.276,0.26,0.344,0.206,0.47,0.309,0.249,0.321,-0.131,0.224,0.266,0.139,0.42,0.094
2023-08-25,0.381,0.299,0.279,0.188,0.548,0.051,0.297,0.279,0.112,0.159,0.451,0.036,0.42,0.373
2023-08-28,0.337,0.454,0.328,0.31,0.293,0.159,0.265,0.309,0.215,0.192,0.239,0.105,0.42,0.248
2023-08-29,0.016,0.316,0.324,0.302,0.262,0.313,0.316,0.308,0.155,0.34,0.038,0.146,0.42,0.224
2023-08-30,0.314,0.316,0.288,0.228,0.175,0.365,0.323,0.242,-0.004,0.064,0.102,0.335,0.42,0.231
2023-08-31,0.272,0.32,0.26,0.117,0.153,0.211,0.263,0.188,-0.042,0.17,0.418,0.4,0.42,0.204
2023-09-01,0.44,0.303,0.193,0.229,0.109,0.274,0.28,0.268,-0.056,0.455,0.313,0.381,0.425,-0.196
2023-09-04,0.251,0.351,0.308,0.208,-0.037,0.227,0.362,0.407,0.047,0.489,0.387,0.37,0.432,0.047
2023-09-05,0.146,0.324,0.4,0.271,-0.004,0.174,0.362,0.472,-0.006,0.258,0.393,0.37,0.432,-0.114
2023-09-06,0.079,0.316,0.448,0.245,0.149,0.263,0.323,0.348,-0.028,0.147,0.053,0.245,0.418,0.008
2023-09-07,-0.229,0.286,0.407,0.139,0.133,0.266,0.407,0.313,0.0,0.291,0.34,0.28,0.409,0.255
2023-09-08,-0.236,0.318,0.354,0.188,0.184,-0.159,0.315,0.136,0.175,-0.061,0.191,0.28,0.343,0.215
2023-09-11,0.039,0.315,0.425,0.268,-0.031,0.273,0.211,0.272,0.354,0.269,0.55,0.168,0.343,0.308
2023-09-12,0.015,0.201,0.375,0.21,0.263,-0.042,0.148,0.343,0.364,0.068,0.219,0.133,0.325,0.235
2023-09-13,0.044,0.152,0.367,0.265,0.21,0.448,0.174,0.468,0.373,0.473,0.472,-0.152,0.311,0.332
2023-09-14,-0.327,0.323,0.405,0.361,0.209,0.186,0.049,0.446,0.409,0.295,0.321,0.157,0.311,0.194
2023-09-15,0.19,0.17,0.361,0.195,0.177,0.104,0.068,0.366,0.376,0.196,0.081,0.291,0.31,0.287
2023-09-18,0.293,0.187,0.363,0.449,0.344,0.324,0.235,0.362,0.415,0.35,0.309,0.505,0.363,0.219
2023-09-19,0.214,0.025,0.391,0.357,0.36,0.076,0.368,0.381,0.523,-0.011,0.353,0.576,0.363,-0.006
2023-09-20,0.285,-0.077,0.392,0.318,0.393,0.222,0.341,0.059,0.428,0.195,0.186,0.41,0.363,0.321
2023-09-21,0.162,0.138,0.386,0.234,0.225,0.107,0.263,-0.071,0.466,0.333,0.168,0.4,0.289,0.175
2023-09-22,0.262,0.038,0.353,0.334,0.177,0.057,0.263,0.062,0.322,0.429,0.274,0.433,0.32,0.081
2023-09-25,0.166,-0.022,0.333,0.265,0.085,0.365,0.189,0.054,0.192,0.296,0.372,0.36,0.32,0.196
2023-09-26,-0.123,0.065,0.346,0.094,0.233,0.252,0.29,0.033,0.2,0.237,0.136,0.4,0.326,0.004
2023-09-27,0.299,0.142,0.419,-0.019,0.135,0.026,0.357,0.032,-0.013,0.29,0.217,0.384,0.323,-0.333
2023-09-28,-0.034,0.174,0.355,0.168,0.243,0.313,0.456,-0.112,0.175,0.093,0.481,0.377,0.3,-0.09
2023-09-29,0.237,0.225,0.193,0.386,0.398,0.513,0.45,-0.072,0.283,0.341,0.027,0.352,0.265,0.095
2023-10-02,0.042,0.384,0.432,0.176,0.355,0.364,0.464,0.196,0.11,0.348,0.465,0.394,0.273,0.141
2023-10-03,0.044,0.388,0.524,0.255,0.354,-0.091,0.389,0.386,-0.017,0.155,0.262,0.387,0.273,0.101
2023-10-04,0.301,0.424,0.488,0.149,0.348,-0.002,0.404,0.07,-0.003,0.07,0.247,0.335,0.259,0.023
2023-10-05,0.048,0.416,0.41,0.197,0.307,-0.09,0.285,0.334,0.135,0.124,0.268,0.345,0.259,0.187
2023-10-06,0.058,0.45,0.102,0.206,0.297,0.06,0.285,0.324,0.13,0.034,0.18,0.328,0.259,-0.067
2023-10-09,0.292,0.401,0.113,0.245,0.315,0.212,0.229,-0.003,0.116,0.148,0.209,0.401,0.259,0.06
2023-10-10,0.047,0.362,0.197,0.305,0.326,0.223,0.195,-0.121,0.17,0.258,0.071,0.423,0.259,0.207
2023-10-11,0.257,0.421,0.357,0.459,0.294,0.282,0.24,-0.045,0.221,0.433,0.443,0.44,0.259,0.247
2023-10-12,0.057,0.377,0.389,0.343,0.294,0.05,0.238,0.082,0.049,-0.355,0.162,0.355,0.356,0.356
2023-10-13,0.022,0.35,0.396,0.11,0.464,0.07,0.169,0.156,-0.101,0.142,0.312,0.298,0.313,0.098
2023-10-16,0.247,0.362,0.377,0.196,0.364,0.091,0.2,0.156,0.035,0.419,0.347,0.315,0.307,0.124
2023-10-17,0.259,0.363,0.294,0.349,0.234,0.163,0.304,0.176,0.055,-0.006,0.272,0.333,0.307,0.089
2023-10-18,0.228,0.365,0.111,0.237,0.163,0.424,0.396,0.103,-0.014,0.325,0.122,0.351,0.314,0.137
2023-10-19,0.193,0.415,-0.047,0.238,0.045,0.03,0.391,-0.022,0.159,0.192,-0.172,0.334,0.377,-0.08
2023-10-20,0.298,0.416,0.004,0.329,0.08,0.275,0.37,-0.006,0.062,0.355,0.245,0.508,0.399,0.129
2023-10-23,0.197,0.408,0.107,0.135,0.282,0.209,0.413,0.094,0.28,0.199,0.092,0.397,0.399,0.089
2023-10-24,0.008,0.274,0.196,0.344,0.307,0.314,0.419,0.074,0.359,0.211,0.31,0.374,0.406,0.004
2023-10-25,-0.069,0.249,0.319,0.196,0.219,0.279,0.436,0.2,0.039,0.29,0.014,0.379,0.414,-0.078
2023-10-26,-0.003,0.163,0.393,0.213,0.239,0.003,0.087,0.172,0.058,0.115,0.032,0.32,0.414,-0.26
2023-10-27,-0.336,0.056,0.166,0.369,0.239,-0.099,0.133,0.336,0.022,0.25,0.318,0.232,0.414,-0.013
2023-10-29,0.223,0.174,0.222,0.32,0.276,0.318,0.164,0.254,0.283,0.45,0.489,0.223,0.397,0.23
2023-10-30,0.038,0.152,0.29,0.287,0.276,0.01,0.217,0.048,0.226,0.138,0.388,0.292,0.397,0.045
2023-10-31,0.187,0.204,0.376,0.26,0.137,0.192,0.25,0.008,0.4,0.325,0.154,0.317,0.397,0.031
2023-11-01,0.046,0.204,0.073,0.21,0.217,0.209,0.25,0.017,0.216,0.236,-0.029,0.317,0.54,0.081
2023-11-02,0.161,0.204,0.315,0.289,0.244,0.142,0.273,0.104,-0.088,0.24,0.249,0.218,0.413,0.163
2023-11-03,-0.242,0.251,0.294,0.173,0.237,0.232,0.347,0.095,0.181,0.375,0.24,0.252,0.413,-0.064
2023-11-06,0.141,0.39,0.43,0.425,0.115,0.347,0.318,0.263,0.117,0.4,0.24,0.252,0.413,-0.206
2023-11-07,0.256,0.373,0.429,0.444,0.211,0.083,0.369,0.258,0.221,0.395,0.362,0.252,0.413,-0.063
2023-11-08,0.287,0.31,0.409,0.417,0.265,0.363,0.357,0.188,0.04,0.121,0.329,0.322,0.413,0.176
2023-11-09,0.334,0.253,0.342,0.295,0.236,0.166,0.509,0.303,0.219,0.196,0.378,0.322,0.442,0.16
2023-11-10,0.31,0.237,0.302,0.425,0.156,0.211,0.528,0.175,-0.058,0.166,0.24,0.461,0.442,0.208
2023-11-13,0.127,0.237,0.241,0.382,0.189,0.617,0.526,0.127,0.173,0.67,0.358,0.489,0.442,0.105
2023-11-14,0.318,0.143,0.296,0.283,0.22,-0.097,0.479,0.077,0.268,0.287,0.11,0.456,0.427,0.256
2023-11-15,0.301,0.245,0.382,0.235,0.115,0.313,0.492,0.115,0.229,0.344,0.493,0.394,0.436,-0.253
2023-11-16,0.265,0.261,0.439,0.275,-0.173,0.149,0.502,0.297,-0.001,-0.015,-0.017,0.394,0.424,0.344
2023-11-17,0.106,0.261,0.299,0.281,-0.236,0.204,0.564,0.089,-0.102,0.341,0.353,0.304,0.424,-0.095
2023-11-20,0.312,0.167,0.255,0.426,0.185,0.308,-0.029,0.116,0.198,0.08,0.361,0.316,0.428,0.071
2023-11-21,0.17,0.248,0.244,0.351,0.1,0.232,0.007,0.048,0.251,0.059,-0.053,0.338,0.432,0.205
2023-11-22,-0.115,0.217,0.385,0.332,0.207,0.286,0.046,0.048,0.236,0.037,0.409,0.338,0.435,0.17
2023-11-23,0.066,0.238,0.395,0.234,0.205,0.144,0.046,0.155,0.076,-0.174,0.254,0.338,0.435,-0.123
2023-11-24,0.053,0.278,0.399,0.091,0.177,0.055,0.046,0.155,0.096,0.059,0.187,0.338,0.435,-0.209
2023-11-27,0.23,0.271,0.405,0.32,0.189,0.321,0.166,0.001,0.21,0.494,0.201,0.323,0.435,0.229
2023-11-28,0.363,0.389,0.359,0.264,-0.058,0.337,0.437,0.14,-0.02,0.336,0.338,0.416,0.392,-0.055
2023-11-29,0.132,0.004,0.307,0.358,0.357,0.42,0.431,0.194,0.035,0.263,0.268,0.444,0.531,0.4
2023-11-30,0.337,0.034,0.309,0.294,0.163,0.106,0.43,0.222,0.028,0.154,0.438,0.434,0.543,0.004
2023-12-01,0.227,0.231,0.377,0.207,0.17,0.388,0.417,0.303,-0.322,0.026,0.339,0.434,0.503,0.266
2023-12-04,0.269,0.384,0.357,0.277,0.267,0.437,0.398,0.203,0.246,0.459,0.344,0.468,0.503,-0.112
2023-12-05,0.356,0.414,0.241,0.366,0.321,0.041,0.32,0.213,0.084,0.344,0.404,0.468,0.503,0.173
2023-12-06,0.468,0.414,0.336,0.289,0.251,0.249,0.274,0.095,0.45,0.285,0.312,0.462,0.503,-0.015
2023-12-07,0.32,0.414,0.038,0.272,0.115,0.186,0.366,0.112,-0.133,0.119,0.272,0.275,0.503,0.002
2023-12-08,0.087,0.338,0.224,0.288,0.045,0.41,0.366,0.166,0.225,0.492,0.498,0.208,0.499,0.138
2023-12-11,0.356,0.202,0.365,0.236,-0.004,0.316,0.352,0.507,0.514,0.506,0.594,0.452,0.525,0.188
2023-12-12,-0.002,0.181,0.421,0.285,0.113,-0.242,0.352,0.499,0.275,0.503,0.267,-0.224,0.525,0.311
2023-12-13,0.177,0.243,0.343,0.187,-0.014,0.066,0.395,0.441,0.212,0.396,0.348,0.101,0.525,0.115
2023-12-14,0.145,-0.047,0.33,0.363,0.017,0.318,0.399,0.254,0.011,0.353,0.33,0.514,0.525,0.119
2023-12-15,0.466,0.026,0.33,0.234,-0.063,-0.036,0.374,0.088,-0.069,0.397,0.412,0.256,0.525,0.175
2023-12-18,0.029,0.204,0.211,0.397,0.133,-0.029,-0.134,0.28,0.047,0.372,0.526,0.176,0.39,0.399
2023-12-19,-0.05,-0.116,0.338,0.436,0.108,0.223,0.157,0.396,0.336,0.503,0.452,0.214,0.39,0.147
2023-12-20,-0.068,0.074,0.263,0.321,0.227,-0.104,0.227,0.396,0.285,0.441,0.424,0.214,0.39,0.091
2023-12-21,-0.004,0.04,0.327,0.356,0.106,0.071,0.224,0.304,0.381,0.199,0.45,0.2,0.39,0.095
2023-12-22,-0.112,0.202,0.343,0.263,0.239,0.348,0.257,0.308,0.183,0.252,0.418,0.165,0.39,0.042
2023-12-25,0.429,0.207,0.332,0.386,0.275,0.446,0.259,0.433,0.107,0.409,0.528,0.123,0.39,0.097
2023-12-26,0.452,0.207,0.478,0.391,0.323,0.462,0.259,0.41,0.118,0.5,0.565,0.123,0.39,0.133
2023-12-27,-0.135,0.198,0.509,0.359,0.26,0.47,0.259,0.215,0.187,0.285,0.472,0.123,0.39,0.32
2023-12-28,-0.345,0.24,0.486,0.078,0.041,0.372,0.303,0.36,0.24,0.124,0.39,0.123,0.423,0.381
2023-12-29,0.284,0.263,0.405,0.281,0.063,-0.188,0.4,0.552,0.415,0.361,0.42,0.123,0.423,0.191
2024-01-01,0.325,0.328,0.377,0.358,0.065,0.341,0.341,0.605,0.403,0.445,0.6,0.152,0.423,0.384
2024-01-02,0.549,0.389,0.345,0.457,0.119,0.336,0.361,0.605,0.485,0.448,0.508,0.192,0.423,0.206
2024-01-03,0.095,0.445,0.334,0.451,0.182,0.328,0.341,0.473,0.423,0.432,0.474,0.292,0.423,-0.003
2024-01-04,0.157,0.447,0.265,0.307,0.039,0.377,0.335,0.012,0.612,0.396,0.343,0.292,0.332,0.296
2024-01-05,0.184,0.419,0.297,0.311,0.032,0.405,0.318,0.073,0.578,0.35,0.353,0.319,0.332,0.147
2024-01-08,0.264,0.334,0.393,0.324,0.012,0.49,0.269,0.255,0.475,0.211,0.382,0.401,0.332,-0.3
2024-01-09,0.218,0.349,0.441,0.361,0.113,0.393,0.386,0.312,0.588,0.277,0.277,0.403,0.36,0.052
2024-01-10,0.151,0.362,0.342,0.293,0.21,0.161,0.447,0.328,0.138,0.311,0.465,0.407,0.36,-0.023
2024-01-11,0.483,0.339,0.233,-0.006,0.304,0.064,0.368,0.192,0.054,0.289,0.274,0.487,0.318,-0.035
2024-01-12,0.45,0.363,0.248,0.099,0.26,0.166,0.367,0.216,0.09,0.334,0.287,0.485,0.318,-0.028
2024-01-15,0.352,0.435,0.294,0.415,0.127,0.474,0.363,0.289,0.2,0.47,0.327,0.481,0.318,-0.009
2024-01-16,-0.399,0.435,0.589,0.356,0.127,0.4,0.296,0.454,0.277,0.297,0.462,0.461,0.318,0.058
2024-01-17,0.121,0.457,0.307,0.271,0.082,0.141,0.328,0.517,0.22,0.232,0.211,0.334,0.306,-0.373
2024-01-18,0.125,0.46,0.433,0.363,-0.008,0.095,0.373,0.547,-0.033,0.247,0.273,0.334,0.336,-0.146
2024-01-19,0.206,0.455,0.426,0.388,0.018,0.192,0.413,0.504,0.074,0.286,0.326,0.326,0.336,-0.099
2024-01-22,0.45,0.441,0.406,0.463,0.095,0.485,0.532,0.373,0.393,0.403,0.484,0.303,0.336,0.04
2024-01-23,0.16,0.411,0.443,0.305,-0.018,0.006,0.529,0.442,0.041,0.247,0.494,0.303,0.336,-0.33
2024-01-24,0.556,0.362,0.424,0.319,0.314,0.289,0.48,0.54,0.11,0.528,0.456,0.38,0.272,-0.239
2024-01-25,0.141,0.307,0.357,0.297,0.305,0.16,0.211,0.435,0.293,0.251,0.355,0.38,0.29,0.02
2024-01-26,0.362,0.167,0.168,0.123,0.247,0.276,0.217,-0.076,0.347,0.333,0.353,0.32,0.29,0.195
2024-01-29,0.302,0.131,0.294,0.387,0.121,0.394,0.359,0.073,0.266,0.452,0.437,0.401,0.22,0.114
2024-01-30,0.327,0.149,0.275,0.241,0.268,0.375,0.199,0.254,0.241,0.218,0.312,0.295,0.279,0.498
2024-01-31,0.308,0.079,0.095,0.296,0.192,-0.066,0.233,0.187,0.157,0.179,0.202,0.384,0.27,-0.023
2024-02-01,0.075,-0.032,-0.009,0.272,0.189,0.347,0.169,0.107,0.05,0.285,0.347,0.366,0.159,-0.001
2024-02-02,0.053,-0.034,0.066,0.298,0.181,0.376,0.195,0.129,0.101,0.316,0.385,0.341,0.159,0.038
2024-02-05,-0.012,-0.038,0.293,0.374,0.158,0.461,0.273,0.195,0.255,0.411,0.498,0.268,0.159,0.153
2024-02-06,0.33,-0.079,0.302,0.293,0.082,0.403,0.33,0.28,0.118,0.385,0.296,0.231,0.111,0.242
2024-02-07,0.18,0.023,0.438,0.312,0.193,0.139,0.375,0.373,0.083,0.357,0.366,0.205,0.111,0.349
2024-02-08,-0.052,0.061,0.423,0.316,0.002,0.197,0.408,0.493,0.207,0.399,0.369,0.21,0.135,0.137
2024-02-09,0.047,0.129,0.435,0.348,0.025,0.184,0.404,0.43,0.248,0.395,0.367,0.214,0.17,0.145
2024-02-12,0.344,0.334,0.472,0.444,0.095,0.147,0.393,0.242,0.371,0.383,0.362,0.224,0.273,0.17
2024-02-13,0.324,0.447,0.499,0.415,0.168,0.447,0.329,0.149,0.237,0.429,0.313,0.287,0.273,0.073
2024-02-14,0.441,0.423,0.321,0.356,0.173,0.304,0.339,0.265,0.209,0.458,0.329,0.295,0.309,-0.073
2024-02-15,0.355,0.418,0.256,0.239,0.351,0.404,0.339,0.266,0.175,0.314,0.302,0.374,0.309,-0.018
2024-02-16,0.194,0.418,0.298,0.407,0.431,0.439,0.342,0.385,0.096,0.356,0.491,0.372,0.309,0.356
2024-02-19,0.176,0.431,0.491,0.38,0.3,0.388,0.366,0.472,0.334,0.351,0.32,0.372,0.329,0.365
2024-02-20,0.22,0.356,0.486,0.442,0.309,0.312,0.366,0.502,0.322,0.212,0.208,0.331,0.329,0.25
2024-02-21,0.234,0.311,0.458,0.248,0.346,0.328,0.25,0.314,0.405,0.352,0.434,0.325,0.298,0.046
2024-02-22,0.43,0.311,0.404,0.384,0.26,0.044,0.367,0.39,0.344,0.451,0.097,0.369,0.298,0.122
2024-02-23,0.442,0.311,0.254,0.311,0.154,0.024,0.309,0.393,0.369,0.427,0.389,0.369,0.298,0.037
2024-02-26,0.447,0.407,0.408,0.274,0.111,0.404,0.395,0.592,0.149,0.397,0.373,0.377,0.267,0.173
2024-02-27,0.0,0.384,0.504,0.034,0.18,0.039,0.466,0.528,0.436,0.488,0.076,0.489,0.274,0.127
2024-02-28,0.198,0.467,0.205,0.073,0.231,0.025,0.403,0.27,0.342,0.488,0.336,0.553,0.332,0.077
2024-02-29,0.078,0.487,0.051,0.331,0.072,0.038,0.442,0.277,0.159,0.106,0.378,0.571,0.443,0.196
2024-03-01,0.064,0.471,0.431,0.287,-0.034,0.453,0.453,0.156,0.208,0.189,0.276,0.604,0.465,-0.135
2024-03-04,0.395,0.452,0.368,0.504,-0.059,0.479,0.443,0.355,0.541,0.532,0.473,0.371,0.465,-0.039
2024-03-05,0.276,0.373,0.344,0.362,-0.044,0.217,0.465,0.389,0.35,0.468,0.203,0.229,0.465,0.031
2024-03-06,0.14,0.219,0.245,0.373,0.202,0.358,0.498,0.526,0.274,0.262,0.417,0.229,0.465,-0.101
2024-03-07,0.187,0.243,0.345,0.377,0.3,0.077,0.491,0.397,0.283,0.181,0.208,0.229,0.449,-0.036
2024-03-08,0.229,0.251,0.338,0.034,0.293,0.016,0.481,0.271,0.306,0.231,0.243,0.17,0.448,0.118
2024-03-11,0.328,0.536,0.377,0.426,0.383,0.451,0.469,0.348,0.349,0.504,0.353,0.397,0.469,0.035
2024-03-12,0.261,0.423,0.372,0.373,0.46,0.191,0.454,0.43,-0.183,0.396,0.465,0.193,0.496,0.126
2024-03-13,-0.002,0.406,0.155,0.328,0.381,0.149,0.36,0.355,0.019,0.473,0.2,0.463,0.474,-0.067
2024-03-14,0.199,0.216,0.157,0.345,0.124,0.292,0.307,0.343,0.096,0.224,0.168,0.59,0.462,-0.099
2024-03-15,0.432,-0.001,0.113,0.303,0.064,0.231,0.326,0.416,0.147,0.368,0.426,0.385,0.519,0.248
2024-03-18,0.231,-0.057,0.392,0.367,0.368,0.106,0.229,0.515,0.267,0.337,0.505,0.362,0.519,0.014
2024-03-19,0.368,-0.068,0.469,0.297,0.491,0.213,0.212,0.323,0.125,0.454,0.396,0.357,0.49,0.141
2024-03-20,0.0,0.062,0.426,0.209,0.342,0.035,0.204,0.415,0.153,0.242,0.349,0.321,0.49,0.128
2024-03-21,0.254,0.208,0.319,0.377,0.29,0.531,0.306,0.09,0.192,0.43,0.447,0.27,0.496,0.341
2024-03-22,0.138,0.334,0.297,0.337,0.324,0.206,0.29,0.364,0.214,0.451,0.537,0.346,0.496,0.153
2024-03-25,-0.004,0.379,0.396,0.581,0.318,0.372,0.258,0.068,0.553,0.501,0.488,0.36,0.496,0.144
